productName,lectorName,Price,learnerCount
和秋叶一起学PPT—首选王牌课程,秋叶,169.0,55856
PS 教程超级合辑-Photoshop教程,橘子老师 等,699.0,11178
工作型PPT应该这样做【爆款课】,秋叶 等,149.0,8073
跟简七学理财,简七,398.0,10628
英语口语革命,李先知 等,499.0,8072
阿文新课：我懂个P  超人气课程,Simon阿文 等,199.0,7801
和阿文一起学信息图表【重磅升级】,Simon阿文 等,199.0,11846
和秋叶一起学Excel-超1.5万人学习,秋叶 等,169.0,15852
AI 教程超级合辑-illustrator 教程,橘子老师 等,699.0,3728
Excel+PPT+Word小白变大神[475节],Office职业讲师李则见,818.0,3260
和秋叶一起学Word—超1.5万人付费,秋叶 等,99.0,17546
手机摄影达人速成,咔图叶梓,86.0,123437
谈判路线图,李力刚,49.0,60790
轻松手绘：用简笔画提升你的竞争力,秋叶 等,199.0,10014
锐普的PPT超神课（连载）,,199.0,3424
Excel学习的最佳方式——表格之道(专业版),谷小城,99.0,5939
20天通关计算机二级 ms office,小黑老师online,100.0,3738
项目管理零基础,李先知,999.0,2569
Java零基础入门教程—包含面向对象,任小龙,0.0,173004
UI设计7部曲【全系列合集】,顾领中 等,999.0,1473
和秋叶一起学职场技能,秋叶 等,199.0,8517
和秋叶一起学PPT动画,秋叶 等,99.0,6296
黄金人脉：让你发掘身边的隐形财富,百合姐,99.0,3010
《吉他入门标准教程》,果木浪子,0.0,364816
PMP考试培训网络班【送直播】,李先知,1998.0,2996
牛班明星音乐教室 第一季,,0.0,219784
AxureRP7.0标准教程（美国官方推荐教材）！,原型库,299.0,3364
零基础学编程系列之C语言,徐嵩,0.0,143560
PS高手炼成记【入门到精通篇】,顾领中 等,499.0,2330
基金生财一课通,力哥说理财,299.0,4799
零基础PPT快速入门—秋叶系列课程,秋叶 等,99.0,3326
《设计之道6部曲》PS淘宝平面网页,顾领中 等,1999.0,1068
赵铁夫讲单词【教你牢记过万单词】,赵铁夫English,198.0,3757
王楚函V动yoga,王楚函,19.0,111411
理财入门一课通,力哥说理财,39.0,8807
CS5 CS6 CC零基础 PS教程 PS学习,艾老师,0.0,325391
向《经济学人》学图表,刘万祥ExcelPro,360.0,1860
Excel高手进阶30个姿势【免费】,Office职业讲师李则见,0.0,174087
C/C++/Windows/Linux零基础到精通,c++编程,99.0,3902
淘宝开网店入门到精通淘宝网店教程,展博老师,599.0,1912
诉讼可视化,李文奇 等,299.0,3836
Meta分析简明教程(实验万事屋）,SCI刀笔吏,298.0,3257
Photoshop CS6全套教程 2015年最新录制PS教程,红尘老师,0.0,194575
和大白一起学PPT演讲（视频+辅导）,王锴大白,199.0,2483
邱晨的设计急诊室,邱晨 等,120.0,3426
PS图标AE动效Axure原型H5与sketch,顾领中 等,0.0,209209
英语口语革命零基础,李先知,499.0,1428
和方骥一起学Excel（图文+视频）,方骥 等,129.0,6095
将英语变成母语,HenryLiangFRM,0.0,359651
循序渐进学摄影（初级班）,钟百迪摄影课堂,0.0,295020
和秋叶一起学PPT—首选王牌课程,秋叶,169.0,55856
PS 教程超级合辑-Photoshop教程,橘子老师 等,699.0,11178
工作型PPT应该这样做【爆款课】,秋叶 等,149.0,8073
跟简七学理财,简七,398.0,10628
英语口语革命,李先知 等,499.0,8072
阿文新课：我懂个P  超人气课程,Simon阿文 等,199.0,7801
和阿文一起学信息图表【重磅升级】,Simon阿文 等,199.0,11846
和秋叶一起学Excel-超1.5万人学习,秋叶 等,169.0,15852
AI 教程超级合辑-illustrator 教程,橘子老师 等,699.0,3728
Excel+PPT+Word小白变大神[475节],Office职业讲师李则见,818.0,3260
和秋叶一起学Word—超1.5万人付费,秋叶 等,99.0,17546
手机摄影达人速成,咔图叶梓,86.0,123437
谈判路线图,李力刚,49.0,60790
轻松手绘：用简笔画提升你的竞争力,秋叶 等,199.0,10014
锐普的PPT超神课（连载）,,199.0,3424
Excel学习的最佳方式——表格之道(专业版),谷小城,99.0,5939
20天通关计算机二级 ms office,小黑老师online,100.0,3738
项目管理零基础,李先知,999.0,2569
Java零基础入门教程—包含面向对象,任小龙,0.0,173004
UI设计7部曲【全系列合集】,顾领中 等,999.0,1473
和秋叶一起学职场技能,秋叶 等,199.0,8517
和秋叶一起学PPT动画,秋叶 等,99.0,6296
黄金人脉：让你发掘身边的隐形财富,百合姐,99.0,3010
《吉他入门标准教程》,果木浪子,0.0,364816
PMP考试培训网络班【送直播】,李先知,1998.0,2996
牛班明星音乐教室 第一季,,0.0,219784
AxureRP7.0标准教程（美国官方推荐教材）！,原型库,299.0,3364
零基础学编程系列之C语言,徐嵩,0.0,143560
PS高手炼成记【入门到精通篇】,顾领中 等,499.0,2330
基金生财一课通,力哥说理财,299.0,4799
零基础PPT快速入门—秋叶系列课程,秋叶 等,99.0,3326
《设计之道6部曲》PS淘宝平面网页,顾领中 等,1999.0,1068
赵铁夫讲单词【教你牢记过万单词】,赵铁夫English,198.0,3757
王楚函V动yoga,王楚函,19.0,111411
理财入门一课通,力哥说理财,39.0,8807
CS5 CS6 CC零基础 PS教程 PS学习,艾老师,0.0,325391
向《经济学人》学图表,刘万祥ExcelPro,360.0,1860
Excel高手进阶30个姿势【免费】,Office职业讲师李则见,0.0,174087
C/C++/Windows/Linux零基础到精通,c++编程,99.0,3902
淘宝开网店入门到精通淘宝网店教程,展博老师,599.0,1912
诉讼可视化,李文奇 等,299.0,3836
Meta分析简明教程(实验万事屋）,SCI刀笔吏,298.0,3257
Photoshop CS6全套教程 2015年最新录制PS教程,红尘老师,0.0,194575
和大白一起学PPT演讲（视频+辅导）,王锴大白,199.0,2483
邱晨的设计急诊室,邱晨 等,120.0,3426
PS图标AE动效Axure原型H5与sketch,顾领中 等,0.0,209209
英语口语革命零基础,李先知,499.0,1428
和方骥一起学Excel（图文+视频）,方骥 等,129.0,6095
将英语变成母语,HenryLiangFRM,0.0,359651
循序渐进学摄影（初级班）,钟百迪摄影课堂,0.0,295020
和外教中教一起学英语口语,Michael 等,0.0,300197
PS教程-oeasy教你ps-Photoshop平面设计教程,ps教程讲师 等,0.0,276884
Java8编程开发入门,李兴华,0.0,91969
小绘本素描起步+综合训练,花还在,68.0,2357
Java课程 Java300集大型视频教程,高淇,0.0,115906
跟王佩丰学Excel视频教程：Excel实战1800分钟,ExcelPPT王佩丰,0.0,236806
无痛英语第一季,钟平老师,99.0,4188
8小时学会HTML网页开发,燕十八,0.0,226018
微信运营全攻略_微互动,唐三藏shifu,399.0,1553
强势领导力,王卫东,49.0,18032
零基础学成长股,简七 等,399.0,1123
轻松笔记：职场精英都在学的手账术,秋叶 等,129.0,4619
手机摄影高手速成-精品王牌首选,光线摄影学院曾兰老师 等,98.0,1730
微软Power BI教程_商业数据可视化,赵文超,198.0,2186
【电子商务物流管理】,,49.0,1567
python数据分析与机器学习实战,唐宇迪,498.0,874
冯注龙的零基础PPT教程,@冯注龙 等,0.0,83087
Unity3D 制作《王者荣耀》爆款手游,InsideRIA,2980.0,927
自嗨吧少女－拯救你的自慰后遗症,硬糖主创们,99.0,1995
零基础入门学习Python,小甲鱼,0.0,192181
PPT菜鸟的逆袭秘籍（视频+辅导）,王锴大白,95.0,3006
揭秘PPT真相（连载中）,布衣公子,299.0,968
手绘POP插画完整详解,汤小元,299.0,2034
职场加速器｜掌舵自己的人生,八运会,399.0,866
跟浩敏老师学唱歌技巧和发声方法,浩敏,0.0,249712
C/C++黑客编程项目实战课程,Tony老师,0.0,129263
C语言/C++学习指南（零基础入门）,阿发你好,0.0,97593
premiere教程-oeasy教你玩转pr教程(premiere),premiere讲师oeasy pr讲师 等,0.0,147612
Excel从入门到忘记,刘万祥ExcelPro 等,120.0,1439
Axure RP8零基础自学到精通-速成班,林老师和他的产品们,169.0,2950
Excel Power Pivot建模分析_基础篇,赵文超,98.0,2317
从零到一，Python网页爬虫攻略,大鹏 等,129.9,1555
一分钟学拍照,,259.0,7398
给职场新人的Excel课,职场效率提升指南,0.0,181227
用Python做些事,黑板客,50.0,5005
平面设计【全集，2017新版】,顾领中,499.0,1234
PPT2016职场版式设计（第二季）,秦川70,0.0,139833
销售就是搞定客户,倪建伟,120.0,2559
WORD实用小技巧集锦（免费视频版）,海云老师,0.0,84229
运作客户高层关系与利益分配,倪建伟,180.0,2513
【跨境电子商务】,,49.0,1480
Java入门到精通 Java深度剖析 Java零基础教程,,0.0,86901
【漫画】思维导图时间管理（试读）,姑苏明月,0.0,218990
疯狂的Python3.6.2：小白入门首选,邹琪鲜,0.0,184296
Excel Power Pivot数据建模分析（进阶篇）,赵文超,198.0,1788
EDP：职业生涯规划与事业发展,陈玉国,0.0,139079
数据结构和算法,小甲鱼,0.0,127443
职场演讲必修50堂私房课｜教练辅导,钱闯老师,199.0,1650
UI设计（AE动效设计篇）,顾领中 等,499.0,1165
商业海报设计【PS综合实战篇】,顾领中,499.0,863
汇编语言从0开始,workWork,0.0,52791
那些你不知道的Word高手技巧,小黑老师online,0.0,125121
snapseed手机摄影后期高手速成,光线摄影学院曾兰老师 等,69.0,1872
微信营销全攻略_微互动,唐三藏shifu,499.0,1017
说文解词-中级 (大学版),杜松老师,399.0,471
影视后期AE与PR综合特效与剪辑技巧,顾领中 等,499.0,1149
Excel从起步到起飞,三角形的爱情,0.0,69439
小白逆袭，数据分析实战进阶训练,大鹏 等,149.9,1489
新媒体营销自媒体运营入门到精通,展博老师,600.0,1047
李炎恢JavaScript教程 第一季,李炎恢,0.0,94579
一点植物学：1-200集,植物人史军,199.0,1375
乐理入门篇,张智,0.0,101703
从小白到产品经理,林老师和他的产品们,199.0,1818
Photoshop CC从入门到精通,家园老湿,0.0,139726
淘宝店铺装修【2017新版全集】,顾领中 等,499.0,1329
IT项目管理,李先知,499.0,1052
C语言|C++|数据结构|MFC|linux吕鑫,吕鑫老师,0.0,56707
PS教程--Photoshop零基础到精通之路,万晨曦,0.0,115548
让你的表格会说话 -表格可视化大全,刘万祥ExcelPro,360.0,802
Java开发全套精编教程【完整版】,陈豪,0.0,64286
从零玩转HTML5前端+跨平台开发,李南江,0.0,23625
【商务智能】,,29.0,1356
全民一起VBA提高篇(Excel数据处理),杨洋老师,169.0,964
【网络营销】,,49.0,1218
30天玩爆<数据透视表>,肖帮主 等,99.0,1251
PPT2013职场版式设计(第一季),秦川70,0.0,107434
项目管理实践课程,李先知,1780.0,891
零基础学习C语言（基础篇）,fhzm1995163com,3.0,2380
和文牛一起学PS,文牛,149.0,976
3种办公软件从入门到精通,马成功 等,99.0,7445
万事神器（实验万事屋）,李莫愁博士,99.0,3167
30天玩爆<数据透视表>,肖帮主 等,0.0,102247
面向对象程序设计-C++,翁恺,0.0,109198
SketchUp+Vray+Lumion教程超级合辑,橘子老师 等,499.0,541
酷艾英语,艾力,0.0,131865
0基础Python实战:四周实现爬虫网站,,299.0,2141
【英盛网】互联网营销培训班,王立刚 等,610.0,1012
法律检索,李谦,299.0,2079
PPT动画完全自学从入门到精通,PPT文学社de文平,129.0,779
【电子交易与支付】,,49.0,1455
Abby学摄影（第1季）,,0.0,191715
Linux 入门基础,苏勇（nash_su）,0.0,132921
让你的图表动起来 - 动态图表大全,刘万祥ExcelPro,360.0,628
商业人像修图【PS精修篇】,顾领中,499.0,858
零基础 | 超实用的全屋收纳攻略,,99.0,33
3分钟玩爆<EXCEL操作技能> 20例,肖帮主 等,0.0,98987
知识管理：零基础搭建高效知识体系,钱闯老师,199.0,1459
十天精通Oracle数据库,李兴华,0.0,47762
器械健身完全指南,,8.9,113631
建筑家装4部曲【全集】附素材,顾领中 等,499.0,1122
【云计算】,,29.0,1297
常用统计方法选择秘籍-实验万事屋,松哥统计,19.9,2463
如何快速学会用正确的方式演唱歌曲,平头,0.0,82575
【互联网+】,,29.0,1434
Unity5.x创造2D手机游戏入门课程,InsideRIA,68.0,2040
网页设计4部曲【合集，2017新版】,顾领中 等,499.0,1046
数码摄影后期高手之路,李涛 等,99.0,1028
智能社：JavaScript教程-从入门到精通,石川(Blue),0.0,92058
设计秘笈【全集】永久学习附素材,UIUED 等,499.0,1162
实战Excel：Excel数据管理之道 胡冰Excel,EXCELPPT胡冰,368.0,1978
斯坦福李飞飞-深度学习计算机视觉,Fei-Fei Li,0.0,60092
Photoshop教程零基础到精通【PS教程】,讲师刘涛,0.0,106184
pmp项目管理大讲堂,李先知,299.0,1270
攻心式销售特训,营销与团队教练郑时墨,49.0,11878
用Python做深度学习(一):数学基础,黑板客,128.0,1289
电影自习室,,0.0,69081
大客户销售布局与赢单策略,倪建伟,160.0,2500
跟舍之学写字,田舍之,139.0,938
向《华尔街日报》学图表（第1季）,刘万祥ExcelPro,300.0,1112
零基础Excel快速入门-秋叶系列课程,秋叶 等,99.0,1228
AutoCAD2014 快速入门精品自学教程,appcrashes 等,0.0,101252
【电子商务系统】,,29.0,1310
《设计之道6部曲》试看版,顾领中 等,0.0,85138
【电子商务信息技术】,,39.0,1332
英语零基础入门：音标语音课,Yuvia,0.0,177187
【互联网金融】,,39.0,1266
设计秘笈【版面设计】附素材无限期,UIUED 等,99.0,3638
《财报，从入门到精通》,汤婧平,138.0,2847
Excel Power Query教程_数据整理,赵文超,98.0,1783
Premiere基础教程：一天学会剪视频,,0.0,110355
【电子政务】,,29.0,1307
oeasy html5、css3网页设计与制作(html5教程),oeasy 等,0.0,90834
一页纸仪表板报告,刘万祥ExcelPro,120.0,1208
淘宝店铺装修天猫范【全集】附素材,顾领中 等,499.0,1000
Excel的世界观由此改变—《表格之道》免费版,谷小城,0.0,126451
拼出广东话（粤语）【全集】,拼东话Alex老师,1680.0,511
大数据技术原理与应用,厦门大学林子雨,0.0,47995
文献管理与信息分析（中科大2013秋网络班）,罗昭锋 等,0.0,37480
Excel2010基础大全,则秀木生,0.0,67875
平面设计广告实战【全集，提升篇】,顾领中 等,499.0,1164
用Java学编程,翁恺,0.0,69736
歌唱初学者的十堂必修基础课,Leo老师,0.0,113871
3分钟玩爆<EXCEL操作技能>,肖帮主 等,89.0,1233
AE CC 2017 零基础影视合成与特效,设计传说,38.0,1646
职业素养提升,曹爱宏,49.0,41955
屌丝推销逆袭攻略：销售必学推荐,俞炳呈,99.0,1887
CET4大学英语四级全程通关班,对啊网,0.0,72539
【移动电子商务】,,39.0,1226
HTML5入门,翁恺,0.0,128947
【英盛网】微信营销培训班,韩之宇 等,310.0,1093
Python网络爬虫实战,天善智能签约讲师丘祐玮,0.0,51573
PPT实用操作技巧大全（PPT2016）,海云老师,49.0,4266
C++开发入门到精通(享精品公开课),王燕老师,0.0,80127
创业思维：菜鸟该如何创业,俞炳呈,99.0,1807
UI设计（PS图标设计篇）,顾领中 等,499.0,994
李炎恢老师jQuery视频教程,李炎恢,0.0,58545
设计师必学手绘～基础,安思手绘,0.0,155905
人间词话-钟平讲单词,钟平老师,199.0,1432
【电子商务网站】,,49.0,1355
【电子商务安全】,,39.0,1337
爬虫入门，零编程数据爬取攻略,大鹏 等,59.9,1635
【物联网】,,29.0,1021
手绘POP插画精选范例,汤小元,0.0,115939
Excel高效实战：提高桌面生产力,北大小笨 等,169.0,522
2017最新版Python零基础入门,,0.0,20598
韩语零基础入门：音标语音,豆豆老师,0.0,125641
C++基础入门,C3程序猿,0.0,38802
七天学会日语五十音图（エリ老师版）,エリ老师,0.0,84975
【英盛网】新媒体运营培训班,韩之宇,310.0,1146
你所不知道的唱歌十大秘密,泽维尔,0.0,175980
两星期学会地道Project - PM必备,张连永,209.0,629
【正版】零基础三天学会艺术二维码,一宏,199.0,997
21天禅绕画训练(100+手绘视频合集),木木思维导图 等,128.0,910
职场小白必学的PPT动画技巧,小黑老师online,0.0,90652
项目管理神器-OmniPlan for Mac,李长太,199.0,1161
淘宝店铺装修【2017新版PC端装修】,顾领中,129.0,1428
给职场新人的Word课,职场效率提升指南,0.0,65912
给职场新人的PPT课,职场效率提升指南,0.0,73042
李银河：这才是你想要的性,李银河老师 等,199.0,1809
【智慧城市】,,29.0,1222
Excel数据分析实战,小蚊子数据分析,99.0,2652
超有趣日语五十音入门课,王进,0.0,57572
向《华尔街日报》学图表（第2季）,刘万祥ExcelPro,300.0,927
动画让你的PPT飞起来,PPT-枫,79.0,3344
恋爱学堂－最实用的恋爱教学（男士篇）,乐鱼恋爱学,0.0,77907
高大上的PPT设计秘笈 超好评正式版,绍涵的演讲型PPT,168.0,871
【日语】新标日初级上册精讲,日语叶子老师,0.0,53925
简七理财之小白理财入门篇9堂课,简七君 等,0.0,152545
Excel职场宝典,小黑老师online,198.0,340
人民攻摄：零基础轻松搞定摄影,人民攻摄,0.0,59744
【O2O电子商务】,,39.0,922
十分钟学会简笔画,懒人简笔画 等,0.0,241230
商务PPT高手视觉：设计制作18课,幻灯派PPT钱老师,198.0,558
分子生物学初级班（实验万事屋）,李莫愁博士 等,199.0,870
WEB前端系统学习,,0.0,22753
【电子商务法律法规】,,49.0,802
帮你省时90%的Excel图表模板大法,刘万祥ExcelPro,120.0,809
【农村电子商务】,,49.0,1136
玩转 C语言 基础课堂,,0.0,125567
Unity5.x 创造 3D VR游戏,天才欣宝 等,298.0,692
中国手语——称谓、生活、工作、学习部分,张钟手语教育,0.0,40601
30天轻松掌握JavaWeb视频,方立勋,0.0,49058
吴宗恩：10分钟学会使用单反摄影（入门篇）,吴宗恩,0.0,82908
成年人的最后一堂英语发音课,Frank英语大咖,129.0,1175
电路分析基础,巍海,0.0,38434
高中化学必修一同步全程微课,文之星教育,30.0,1000
羽毛球 实战技术,,8.9,21707
零基础股票入门全指导,简七,39.0,1735
轻松思考：聪明人都是这样思考的,秋叶 等,129.0,2500
SPSS松哥中级统计教程-实验万事屋,松哥统计,599.0,619
【英盛网】电子商务培训班,罗龙生 等,410.0,943
经济学人的动态图表与交互设计,刘万祥ExcelPro,360.0,547
新版Linux视频教程零基础学习Linux,李明,0.0,31719
广州名动漫CG原画插画系列课程,张聪,0.0,37907
网页前端制作及PHP网站搭建课程,,0.0,44148
Photoshop 全案例轻松自学教程 ps,橘子老师 等,0.0,75938
硬笔书法系列，学写一手好字,田舍之,0.0,33265
数码单反摄影高手速成,光线摄影学院曾兰老师 等,129.0,615
牛散的成长秘笈,飓风工作室犇犇,128.0,496
【英盛网】团队管理系统班,,610.0,1973
高大上的PPT设计秘笈 超人气体验版,绍涵的演讲型PPT,0.0,51543
Word2010 职场排版教程（免费版）,秦川70,0.0,72932
简单快速打造个性表情包,i有乐 等,19.9,1996
Premiere超系统剪辑教程,UIUED 等,99.0,1122
HTML5第一季视频教程,李炎恢,0.0,42234
提高办公效率必学的键盘操作技巧,小黑老师online,0.0,67285
跟500强工程师学职场商务英语,芬哥,99.0,547
斗图必备：PS表情包制作大法,,0.0,70882
《和文牛一起学CDR》X8最新版,文牛,149.0,597
跟空空学Excel，每天1分钟,空空讲Excel,0.0,33510
Axure RP7.0从入门到精通,小楼一夜听春语,189.0,1404
Excel2013 十大明星函数（第一季）,秦川70,0.0,85521
Photoshop CS6 基础到精通,轻松设计,0.0,82578
不忽悠的网络营销实战课,暖石网张君,0.0,87389
《吉他入门经典教程》,龙之音吉他,0.0,32203
Android开发视频教程,MARS,0.0,72051
科研常见样本量估算（实验万事屋）,松哥统计,199.0,785
UI设计（Sketch界面设计篇）,顾领中 等,499.0,760
【韩语零基础】标准韩语发音课程,小吴老师,0.0,60042
玩爆职场信息图表,肖帮主 等,99.0,1014
最强思维导图训练营,波波羊,199.0,684
【英盛网】销售培训班,金克成 等,410.0,905
三维动画技术基础（3ds Max）,老菅,0.0,47408
时间管理神器-OmniFocus for iOS,李长太,199.0,677
C/C++学习指南系列（Qt界面篇）,阿发你好,38.0,1148
AE超系统影视后期特效教程,UIUED 等,99.0,1378
Python入门,武SIR,0.0,46921
成年人流行钢琴名曲手把手教学,好玩钢琴屋,0.0,39457
和Michael一起练英语口语,Michael 等,98.0,1234
精看电影学英语【公开课】,任杰Jack,0.0,135455
李炎恢PHP第一季教程,李炎恢,0.0,38740
C#编程基础,苏坤,0.0,62616
高级人像摄影后期,古厄木,998.0,472
白领进阶中产的理财指南,,398.0,440
全民一起VBA实战篇(Excel数据处理),杨洋老师,169.0,338
Camtasia 9录屏微课制作快速入门,ZStar,69.0,2531
零基础学编程系列之Java入门全套,徐嵩,0.0,9781
抠图6大招（抠发丝都如此轻松）,顾领中 等,0.0,83098
平面设计广告实战【包装设计】,顾领中 等,99.0,1120
YY老师教你跳爵士舞 第一季,YY,0.0,55333
高效学习：个人成长必备攻略,阿秋Kendra,99.0,255
艾叔：零基础一站式C语言|C程序设计精讲,艾叔学苑,0.0,59417
《产品经理深入浅出》产品经理入门秘籍,刘文智,0.0,91824
格局视野-打开眼界格局，提升事业高度,赵正宝,0.0,35988
创业要懂心理学：5分钟读懂用户,俞炳呈,28.0,2144
maya变形金刚全流程教学,CG彭涛,1.0,1071
PPT从菜鸟到高手实用教程,灰色的风,0.0,32827
2015年会计从业资格证《会计基础》,,150.0,2369
简单创意玩摄影（ECP）,小九老师,0.0,39178
30分钟轻松制作H5交互动画,森林味,0.0,61336
信任五环：超级销售拜访技巧,老寒v夏凯,0.0,54736
【JavaScript】全栈WEB前端工程师进阶班,陈学辉,0.0,38780
简快思维导图·速成宝典,雷子|复制卓越,49.9,2683
【学车必备】2016驾考科目一：交规和相关知识,中国汽车教育网,599.0,1687
IOS开发全套教程(享精品公开课),朱磊,0.0,32186
J博士美语	,周若汉,0.0,35642
PPT小玩儿法,宾老撕,9.9,1764
十分钟玩转PPT,,0.0,162737
H5/web前端开发｜HTML5+CSS3,王燕老师,0.0,69126
91趣玩英语,Amanda Meier 等,0.0,55324
Photoshop 人像后期快速自学教程,橘子老师 等,0.0,107311
良知塾李涛：Photoshop小技巧,良知塾李涛,0.0,92823
围棋吃子教程（入门篇）,再晨,0.0,64355
实用小贴士 教你学唱歌,刘玉,0.0,100511
从0到1做起微信公众号全教程,NA梦想家,0.0,25805
祁连山Photoshop专家讲堂,祁连山,0.0,33813
Python数据分析实战,Albert Jin,110.0,667
photoshop初学入门教程-PS零基础教程,,0.0,49290
解锁H5操作全技能（职场必备技能）,老猪 等,0.0,55845
零基础学编程系列之C++入门,徐嵩,0.0,14069
4级核心词汇之光明使者,,0.0,71579
Excel2010 企业职场教程（免费版）,秦川70,0.0,46414
大数据工程师高级VIP全套系列课程,老沃特 等,2888.0,283
EDP：提高十倍效率的时间管理法则,陈玉国,38.88,1534
学什么数学,鸭梨山大,0.0,31791
MySQL数据库,高洛峰　,0.0,84101
《跟小贤学运营》,跟小贤学运营,99.0,1054
15种构图法则剖析教学视频（免费）,雷波,0.0,84627
微博营销：微博赚钱十八式,萧秋水 等,129.0,1032
Excel教程之oeasy教你玩EXCEL（Excel/excel）,Excel教程讲师oeasy 等,0.0,61177
Bootstrap视频教程,李炎恢,0.0,43637
让人生弯道超车的效率秘籍,张丹茹Angie 等,199.0,562
word教程-oeasy教你玩转Word教程,word讲师oeasy,0.0,56875
零基础乐理教程【全12集】,,0.0,48287
力哥说理财,力哥说理财,0.0,66349
写好行楷很简单,李宣鸿,99.0,464
新概念英语第三册精读,任杰Jack,198.0,379
向咨询行业学图表,一图,100.0,4142
乐理进阶级,张智,39.8,898
淘宝美工教程ps实战教程平面设计海报设计教程,冰美人设计,0.0,75346
数学四大名“补” - 七年级版,考拉超级课堂,99.0,1120
Camtasia Studio8.6软件入门到精通,展博老师,348.0,791
微信公众号起步指南,勾俊伟,9.9,2706
建筑家装4部曲【CAD图纸设计】,秦双宇 等,99.0,1189
FitTime 基础体能训练系列,,0.0,76584
百度推广教程【300集】《独家》,卢永国,388.0,326
RAW格式:风光摄影高手后期训练营,光线摄影学院曾兰老师 等,99.0,696
C语言基础入门,C3程序猿,0.0,17366
新版标准日本语初级(上册)精讲,秋叶旅人KS,0.0,16088
2016银行考试内部精品课（笔试篇）,梅高翔,99.0,2363
实用数字行书快速入门,pxh虎,36.0,1414
R语言数据分析实战,肖凯,120.0,825
摄影评片会,咔图叶梓,0.0,59939
2016新版Ps平面设计基础及进阶,对啊网,0.0,55729
JavaScript,翁恺,0.0,91776
快速上手运营（求职、转行、提升）,南北说运营,99.0,569
大学英语四级冲刺课程,付博 等,0.0,41531
超有趣手机拍照教学,吴宗恩,0.0,77228
spss松哥高级统计教程-实验万事屋,松哥统计,599.0,596
PHP100视频教程2012版,张恩民,0.0,52527
无摄影，不旅行,咔图叶梓,98.0,1629
HR专家训练营-2018版,刘建华 等,4800.0,767
AutoCAD二维制图轻量化教程,蓝领教育团队,0.0,22160
Elena带你学国际音标,Elena,129.0,2653
轻松读书51：高效能人士的七个习惯,波波羊,0.0,72336
60秒学英语（每周一更新）,,0.0,33820
罐头小厨,,0.0,11870
21天记忆训练(双学位学霸主讲),波力 等,99.0,898
【英盛网】人力资源培训班,刘秋华,510.0,931
【0基础起点】JAVA你得这样学2016年版,李兴华,0.0,14652
实验万事屋欢天喜地写标书 教程,,399.0,1198
Web前端开发｜Html/CSS/Javascript,程刚老师,0.0,35218
全民一起VBA基础篇(Excel数据处理),杨洋老师,0.0,24687
C语言也能干大事：游戏开发,杨中科,0.0,26170
全国计算机二级公共基础知识—精讲,张成叔,50.0,1839
说文解词-中级(大学版) 公开课,杜松老师,0.0,38719
广告级皮肤修饰,良知塾李涛,25.0,1840
看《running man》学韩语,马丽娜,0.0,67998
微信营销：18招教你运营好微信公众账号,萧秋水 等,199.0,2622
文献阅读精读第一期（实验万事屋）,,99.0,1103
会计从业资格证<会计基础>,对啊网,0.0,56751
新媒体运营宝典,新媒体运营宝典 等,19.9,5410
无痛英语第二季,钟平老师,99.0,1352
Python快速入门,唐宇迪,0.0,37775
PS教程-Photoshop软件精修全集,万晨曦,10.0,9316
PPT教程-oeasy教你玩转ppt（PowerPoint/PPT),ppt/powerpoint讲师oeasy 等,0.0,103533
Oracle从入门到精通,李兴华,0.0,22409
JS基础课程,,0.0,22786
信号与系统,巍海,0.0,19358
2分钟搞定西班牙语 - 第一季,古德曼GDM,0.0,31415
多肉课堂,弄花侍草,0.0,39909
产品经理入门指南,刘文智,199.0,1569
FitTime 马甲线养成计划,,0.0,42215
实验万事屋SCI写作教程,,499.0,1062
c语言也能开发网站,杨中科,0.0,22505
Ohlala法语,戴亮,0.0,62145
分子生物学中级班（实验万事屋）,李莫愁博士 等,299.0,658
轻松读书69期：如何做计划,波波羊,0.0,132312
平面设计【indesign排版技法】,顾领中,129.0,946
计算广告2.0,刘鹏,880.0,528
EXCEL 2013高手技巧,曾贤志OFFICE教室,0.0,68431
Hinton机器学习与神经网络中文课程,Geoffrey Everest Hinton,0.0,12425
职场英语必备——一歌一词一习语（初级）,王雅鑫 等,0.0,58077
如何克服拖延症！,,0.0,114494
吕鑫：《VC++就业培训宝典之MFC视频教程》,吕鑫老师,0.0,23360
《和文牛一起学AI》2017最新版,文牛,99.0,494
穿越单词记忆词典（632课不限时）,傅建斌,888.0,200
恋爱行为学追女孩子的聊天技巧套路,毅修 等,0.0,80232
注册会计师（CPA）考试-经济法（全）,,0.0,19423
jQuery EasyUI视频教程,李炎恢,0.0,24113
天猫范｜网页设计组合代码课程DW,顾领中,129.0,963
从零学编程免费公开课,极客编程,0.0,11022
跟Alex学Python开发入门经典,Alex,9.9,1148
看奥斯卡最佳动画学口语,ACE英语网校,0.0,47196
商务演示PPT精英新手村,一宏,99.0,2762
Photoshop 从入门到精通（含素材）,雷波,99.0,3257
美得不像话的EXCEL2016图表,肖帮主 等,0.0,86336
手把手教你做霸气简历,实习问,0.0,72636
和趣弹一起学尤克里里（零基础入门教学）,,0.0,23655
精听歌曲学英语,任杰Jack,0.0,73110
美丽百分百--个人形象管理,李昀,0.0,58057
Java学习指南系列（安卓入门）,阿发你好,38.0,327
手机摄影：角度决定一切,光线摄影学院曾兰老师 等,69.0,1462
让小白学上瘾的 Python 入门课,麻瓜编程 侯爵,99.0,1232
设计师必学手绘～全修,安思手绘,199.0,487
《和文牛一起学ps》免费版,文牛,0.0,27314
创意不卡壳——15分钟的创意导学课,Doron Meir（多伦 米尔） 等,0.0,34709
从零开始学英语,ACE英语网校,0.0,48378
家居盆栽种植基本常识,,8.9,19999
SPSS与统计分析,松鼠学堂,129.0,573
Python数据挖掘实战,小蚊子数据分析 等,169.0,1218
建筑家装4部曲【3dsmax建模】,秦双宇 等,99.0,1012
周珂令动漫手绘精英培训,周珂令,0.0,48497
轻松读书62期：谈话的力量,波波羊,0.0,82588
围棋入门基础篇,三乐大掌柜,0.0,57212
Android深入浅出,Sundy,0.0,53347
逐行分析jQuery源码的奥秘,妙味课堂杜鹏,0.0,30559
【软文营销】软文营销好手如何练成,所志国,99.0,2320
零基础SCI论文实操课,医学科研Jake,5000.0,421
十分钟了解红酒,杨路,19.0,18667
PPT创意图表制作实例,璞石PPT,0.0,78372
概率论与数理统计,钱sir考研数学,36.0,768
Excel 数据透视经典教程,郭安定,0.0,41975
职商入门篇——提升职商的八大能力,萃取技术王兴权,0.0,34288
HTML+CSS+JavaScript零基础系列课,大地飞鸿,469.0,258
敏捷产品和研发实践—RSG2016大会,,128.0,349
Excel带你玩转财务职场,艾瑞ERIC,199.0,218
游戏原画CG插画职场进阶系列教程,张聪,0.0,15325
ps证件照神速排版（免费版）,文牛,0.0,68471
淘宝店铺装修“天猫”范【特效篇】,顾领中 等,199.0,958
计算机网络技术基础,深博,18.0,636
动态仪表板，会用鼠标就够了！,刘万祥ExcelPro,120.0,606
JavaEE视频教程,郭宏志,0.0,31999
【精华篇】路长全营销课堂,路长全,199.0,434
计算机二级Office高级应用之文字处理专题,小黑老师online,0.0,27208
oeasy教你玩转动画（Flash教程）,flash动画讲师oeasy,0.0,62455
跟老外学纯正英语 [公开课]送免费外教体验课,Christopher Zerbe 等,0.0,43244
全套RHCE-Linux视频教程,Shrek老师,0.0,21099
诺壹乔：轻松搞定PPT文字,懒人诺壹乔,19.9,1405
数码单反户外实战摄影教程,张尧,0.0,37493
说文解词-初级 (高中版),杜松老师,299.0,268
0基础大白话水彩课——南瓜藤,茅夫人,6.0,896
Excel2016实用基础篇,Excel报表顾问,9.0,3602
平面设计【VI视觉识别设计】,顾领中,129.0,913
多学多用：把自己“妆”成明星,多学多用：史海云,19.0,124131
影楼PS实战秘笈（30种修图技巧）,林杉03,35.0,1075
微信开发-基础篇（2016最新版）,张礼军,0.0,22316
3Dmax全景效果图【VR进阶版】,顾领中 等,499.0,562
轻松读书53期：番茄工作法,波波羊,0.0,98709
我最喜欢的一本书,,0.0,23173
创新工场创业公开课,,0.0,40241
PPT2013 平面设计教程（level1）,秦川70,69.0,633
AI大神炼成记【PPT、UI设计必学】,顾领中 等,0.0,21113
高绩效管理智慧,陈琦老师,49.0,7629
电商总监教你：SEO入门必修课,勾俊伟,16.9,2022
认识电影（上）,华冶夫,0.0,26421
【简快阅读-8】“升职加薪”的时间管理术,雷子|复制卓越,0.0,52710
真正的从0学习PS淘宝美工技能,蜻蜻老师,0.0,21905
《流行乐理》7天学会乐理知识 速成版,潇宇,0.0,37158
从零开始学炒股-股票入门基础知识,谷粟,0.0,61599
Excel 2003实用基础教程,郭安定,0.0,18028
细说Linux教程,,0.0,18798
Go编程基础,陈佳桦,0.0,40772
美感培养，数据可视化专题强化,大鹏 等,89.9,1452
Excel数据分析处理实战,薛奔,109.0,332
格局致胜,,0.0,56974
UI设计（Axure交互原型图篇）,顾领中 等,499.0,700
【英盛网】财务管理培训班,史永翔 等,610.0,720
0基础Python实战:一周学会爬取网页,麻瓜编程 侯爵,0.0,92261
Java基础教程,任小龙,0.0,18256
混音全揭秘 基础篇 音乐后期制作课,李金城,0.0,31285
Tensorflow 搭建自己的神经网络,Morvan,20.0,797
建筑家装4部曲【VRay材质灯光】,秦双宇 等,99.0,979
Excel VBA数据处理实战,方骥 等,129.0,704
Access 数据库一日通,郭安定,0.0,31855
PHP基础,高洛峰　,0.0,47670
注册会计师（CPA）考试-财务管理（全）,,0.0,17814
微信小程序全方位深度解析,唐向荣,0.0,16383
新思维吉他自学教程,朱家明,0.0,72859
视频营销赚钱引流推品牌入门到精通,展博老师,598.0,381
专业硕士逻辑：从入门到精通,王诚,599.0,378
用地图说话 - Excel数据地图大全,刘万祥ExcelPro,360.0,172
ai教程-oeasy教您玩ai illustrator,oeasy,0.0,8735
轻松读书48期：如何阅读一本书,波波羊,0.0,76831
GEO数据库挖掘入门（实验万事屋）,,149.0,1851
杜拉拉的职场智慧,刘兴武,49.0,67406
EASY Photoshop 小技巧日记,容华建,0.0,50619
UI设计（UE/UX用户体验篇）,顾领中 等,129.0,896
平面设计广告实战【海报期刊】,顾领中 等,99.0,735
《这张照片怎么拍》,杨勇,0.0,23845
Premiere Pro CC 2018 零基础剪辑,设计传说,38.0,1532
Arduino初级课程,翁恺,0.0,36906
贝太新煮艺：十分钟搞定早餐,任芸丽,0.0,107230
PPT2013 企业宣传动画设计(level3),秦川70,199.0,768
设计秘笈【点线面】永久有效附素材,UIUED 等,99.0,1170
瑜伽课程系列——腰腹部塑形,何洁凝Apple,0.0,64953
设计秘笈【说文解字】附素材无限期,UIUED 等,99.0,1124
Excel2013 商务图表制作高级教程,秦川70,0.0,35699
NLP简快学习法：简单、快速、高效的偷师神技,雷子|复制卓越,600.0,373
AutoCAD免费教程,【为课网校】-KISiven,0.0,55336
贝太新煮艺,任芸丽,0.0,49166
360°解析PPT制作 ● 动画篇（专业版）,小陆老师,129.0,396
8分钟大变身-PS照片处理专题课程,,0.0,94964
QQ营销推广引流VIP班网络营销系列,展博老师,598.0,405
《2018年 初级会计实务》,汤婧平,239.0,546
旅游英语口语,蔡旭,0.0,80663
【英盛网】杰出女性培训班,王雅波 等,410.0,868
折纸进阶教程,知识共享公开课,0.0,13276
UI教程--UI界面设计零基础入门教程,,0.0,23586
超模健身课,,0.0,36036
SQL数据分析实战,小蚊子数据分析,79.0,2065
简单高效 的全身燃脂运动,,0.0,58629
SPSS入门与统计基础,松鼠学堂,0.0,53954
漫画统计学（正式版）—数据分析必备技能,方若,129.0,669
Struts2马士兵Struts2入门到精通 Struts2精讲,马士兵,0.0,17363
电商总监教你：网络营销入门15课,勾俊伟,69.0,1337
3天入门水彩插画【涂鸦王国】,cause勃勃 等,0.0,64332
李炎恢Flash教程,李炎恢,0.0,26591
设计秘笈【玩转色彩】附素材无限期,UIUED 等,99.0,1250
10堂课教你成为沟通达人,王奕霖,99.0,688
简历特训-全国大学生简历大赛在线教程,马晓,0.0,48239
职场入门必修课——商务PPT,利兄,158.0,589
ACE《公开课合集》入门到流利口语,ACE英语网校,0.0,34730
逻辑头脑力,袁劲松,0.0,62001
汇编C语言C++基础原理系列经典教程,爱达人,0.0,10997
C语言|C++|数据结构|手游[VS2015],吕鑫老师,0.0,10572
【PP琪主讲】PPT零基础实战应用,PP琪老师,0.0,10997
8小时之外如何利用互联网赚钱？,勾俊伟,0.0,42523
PS教程PS零基础入门工具教程,PS讲师张盛陵,0.0,42226
零基础 JAVA基础教程,郭宏志,0.0,30737
史上最全Flash动画完全自学教程,缪亮,39.0,457
把妹达人约会学,乐鱼,0.0,82301
17年最牛Linux零基础到精通+实战,学神Linux讲师－MK 等,0.0,38466
新媒体自习室,半撇 等,0.0,16271
PHP3小时光速入门,燕十八,0.0,44042
平面设计广告实战【VI设计办公篇】,顾领中 等,99.0,764
十分钟通关名企面试,DreamOffer,0.0,76378
简笔画核心技巧&主题训练(图文),懒人简笔画 等,30.0,1111
万万没想到，你也能给自己治病,苗德根,0.0,47217
TCP、IP协议族详解,深博,9.0,832
淘宝店铺装修【2017新版手机装修】,顾领中,129.0,844
【入门级】静物素描【美术绘画】,林萍 等,0.0,39474
轻读44：如何掌控自己的时间和生活,波波羊,0.0,103288
Android开发-Android Studio教程,动脑学院【Danny老师】 等,0.0,25239
Python数据分析实战,小蚊子数据分析 等,129.0,1691
【简快阅读33】交易心理——掌控市场持续盈利,雷子|复制卓越,0.0,40848
Word2013论文七步高效排版教程,杜智磊,0.0,62384
【有画快说】—全国首档绘画类节目,张聪,0.0,16908
PPT玩法大爆炸（零基础进阶篇）,PP琪老师,150.0,601
Office2013之Word精讲,毛正莲,0.0,36661
系统评价/Meta分析从入门到精通,逍遥君xiaoyaojun,299.0,406
12堂声音美化课，全面提升个人魅力,李蕾,99.0,335
Android应用开发浅入深高级研修课,Sundy,199.0,1076
C4D快速入门及模型实例教程（全中文录制）,TVart课堂,0.0,24341
人际关系破冰系列之手的礼仪,华英雄教授,49.0,11361
赢单九问：策略销售实用秘籍,老寒v夏凯,0.0,25671
信息系统项目管理师辅导视频课程,卢老师课堂,299.0,272
CSS3,翁恺,0.0,45314
UI设计（keynote提案篇）,顾领中 等,129.0,887
After Effects CC基础教程,轻松设计,0.0,49748
5步写出1秒打动HR的简历,徐强,0.0,54421
会计，是一门商业语言,汤婧平,98.0,758
PHP第二季视频教程,李炎恢,0.0,14352
托福基础语音：从零开始学音标,,0.0,21387
成长分子   商务排版,成长分子,99.0,375
轻松读书73期：蔡康永的说话之道,波波羊,0.0,95252
埃及纤体肚皮舞-轻纱舞,,3.9,11094
PPT大神炼成记【设计6路功法】,顾领中 等,0.0,37073
【飞盒艺术派】小白学Q版,,0.0,41585
迈向卓越的心态修炼,营销与团队教练郑时墨,49.0,11811
和金乌一起学Sketch3 APP UI设计,原型库,199.0,944
李涛带你混摄绘,良知塾李涛 等,0.0,15755
全栈数据工程师养成攻略,宏伦工作室,0.0,9683
【电子商务概论】,,59.0,618
Java学习指南系列（快速入门）,阿发你好,0.0,5016
国自然失败原因分析（实验万事屋）,,128.0,879
时间管理神器-OmniFocus for Mac,李长太,172.0,344
PPT数据分析报告实战,小蚊子数据分析,129.0,1623
蓝铅笔SAIQ版漫画人物绘画基础教程,天朝羽,9.9,1250
SolidWorks 零件与装配体-官方培训课程,SolidWorks官方推荐课程,0.0,20756
Excel2013 职场入门教程（Level1）,秦川70,59.0,1269
商务PPT高手心法：逻辑视觉与演讲,幻灯派PPT钱老师,198.0,375
全套3DMAX基础全套教程-		3dmax室内设计教程,,0.0,20028
Java基础教程,魔豆教育,0.0,20724
Unity 2D 制作《植物大战僵尸》,InsideRIA,68.0,696
最热门的流行歌曲轻松学唱,海豚老师,0.0,33513
做一个走向人生巅峰的项目经理,肖杨,580.0,2616
电商数据分析师养成记,数据海洋,199.0,929
手绘教程-oeasy教你ps手绘/photoshop手绘素描,素描手绘讲师oeasy 等,0.0,87596
R数据分析实战,小蚊子数据分析 等,99.0,1120
读准字母与音标 - 大人小孩一起学English,对啊网,0.0,24003
Java4android,MARS,0.0,17391
会计从业知识点回顾,,0.0,12231
《财务如何管理》,汤婧平,0.0,44547
职场人际沟通必备技能,勾俊伟,49.0,1358
轻轻松松玩转51单片机,,0.0,21472
PS教程之Photoshop人像后期处理教程,设计培训,0.0,71343
Linux高级系统管理,苏勇（nash_su）,0.0,31833
壹球出品-加农贝克明星技巧篮球教学,加农贝克,0.0,22286
产品经理学技术,孙腾中,0.0,17600
信息猎手-帮助你见多识广的方法,罗昭锋,49.99,304
摆脱字幕丨疯狂动物城+超能陆战队,ACE英语网校,0.0,26149
虚幻引擎UDK官方教程,Epic Games,0.0,10605
SQL数据分析实战数据库基于MySQL,数据海洋,100.0,380
【向天歌】女神经教你WPS,妮可,0.0,14031
李明老师讲Linux,李明,0.0,18112
生活处处是养生,王晨阳,0.0,26178
工欲善其事——电子技术探索与教学,杜洋工作室,0.0,17272
免费的Excel函数教程【Office系列教程】,Office365,0.0,21593
Unity 2D 制作《超级玛丽奥》游戏,InsideRIA,29.9,888
PS大神炼成记,C课堂｜顾领中,0.0,7957
时间管理入门－时间管理的12个技巧,李长太,0.0,100272
小白轻松学会酷炫H5,森林味,0.0,24685
AI教程--illustrator--零基础到精通之路,万晨曦,0.0,55867
Camtasia9（卡塔莎）完全操作手册,刘成俭,50.0,311
EXCEL 2013数据透视表,曾贤志OFFICE教室,0.0,30150
认识电影（下）,华冶夫,49.0,641
HTML5前端开发实战,,0.0,21786
【英盛网】互联网运营培训班,郑文博,410.0,590
产品经理学交互－0基础入门＋实战,比利光年,198.0,484
使用Endnote玩转文献管理,罗昭锋,0.0,23277
结构化思维：高效能人士的思考习惯,蒋鸣泉,99.0,1487
西班牙语语音零基础,Emilio,0.0,31545
jQuery 实战经典,sowhat,0.0,31388
玩转Power Pivot CRM营销增长模型,PivotModel刘凯 等,268.0,353
广告创意实战4部曲【试看版】,UIUED,0.0,34514
Java基础视频教程(从入门到精通),王勇,0.0,6130
毛笔书法入门知识及常见误区,田舍之,0.0,15183
AE After Effects CC 从入门到精通超清教程,小淘老师,9.8,1587
轻松读书71期：像TED一样演讲,波波羊,0.0,90606
手把手Java入门,李兴华,0.0,11936
圆通的人际关系,曾仕强,0.0,26462
做好PPT，你需要知道这6件事,HowDoYouDo网络课堂,0.0,50949
My SQL数据库(享精品公开课),程刚老师,0.0,15615
【零基础入门】前端工程师之HTML与CSS,,0.0,18745
蕙兰瑜伽：我的释压小秘诀,张蕙兰,0.0,30120
教师语言技能 —— 基础语音篇,瞿亚红,0.0,18953
平面设计【DM单页设计】永久有效,顾领中,99.0,748
一小时学会建网站,三乐大掌柜,0.0,39442
培训师站稳讲台必备技能（TTT),李珂,199.0,406
西餐礼仪，你知多少？,杨路,0.0,42831
微在涨姿势,,0.0,9999
大学英语六级冲刺课程,周冰 等,0.0,36643
微在不懂爱,,0.0,10089
锐普PPT研究院——数据图表高效制作,璞石PPT,69.0,1330
中国手语——哲学、伦理、心理、行为部分,张钟手语教育,0.0,15047
爱上英文课,,0.0,34696
Power BI 自动化用户运营分析,PowerBI佐罗,298.0,264
战略思维--孙子兵法,杨新,0.0,22059
PPT课件高效制作,且行资源,9.9,807
全套CAD基础入门教程-AutoCAD实战精品教程,,0.0,19626
Illustrator CC 2017 终极技能实战,设计传说,98.0,295
EXCEL带你高效玩转财务管理,凌祯 等,199.0,214
心理咨询师网络培训班,,0.0,32988
2017年一级建造师-市政实务--精讲,梁玉教育,0.0,7907
【英盛网】实体店长培训班,邰昌宝 等,510.0,647
带你学C带你飞（第一季）,小甲鱼,0.0,13288
美联英语：雅思写作精细30讲,Aki老师,0.0,23970
轻松读书64期：自控力,波波羊,0.0,42830
马士兵Hibernate视频教程 Hibernate深入浅出,马士兵,0.0,15205
和华冶夫一起学编导（课程全集）,华冶夫,199.0,249
李炎恢Dreamweaver视频教程　,李炎恢,0.0,23494
Node.js进阶教程第一步(基础篇),LOOK何,0.0,23924
【简快阅读38】自控力,雷子|复制卓越,0.0,36462
【漫画】思维导图时间管理（完整）,姑苏明月,199.0,328
Sikana美术课堂：人体画法,,0.0,21540
设计美术绘画,,0.0,17871
iH5视频教程,,0.0,27949
新思维：C语言程序设计,沈涵飞,0.0,19272
职场必修课——商务PPT精英训练营,一宏,299.0,349
快速突破四六级深度阅读,付建利,0.0,30245
工间办公室瑜伽 10分钟缓解疲劳,莎媞雅,0.0,38533
5分钟让你抓住他的心,李劲波,0.0,35832
冲刺题库及解析—安徽建大专升本,张成叔,150.0,387
Java学习指南系列（基础篇）,阿发你好,18.0,365
OS X 新手入门,黄强,0.0,29617
顶尖销售六步曲,李力刚,0.0,27032
一点植物学：1-20集,植物人史军,0.0,9478
20世纪西方音乐,毕明辉,0.0,32139
股市技术快速提升培训班,澄泓财经,0.0,19331
6级核心词汇之黑暗骑士,,0.0,41924
设计秘笈【图像趣味】附素材无限期,UIUED 等,99.0,1053
After Effects 快速入门教程,,0.0,23389
Sikana烹饪课堂,,0.0,10011
演讲口才精品课,范祖岑,0.0,43799
学Arduino玩转电子制作,翁恺 等,0.0,24630
网络推广必修:如何更快涨粉、卖货?,勾俊伟,19.0,1373
创业型企业的人员管理,王卫东,0.0,21124
平面设计广告实战【VI设计场景篇】,顾领中 等,99.0,731
Excel 2013实战办公技巧一：工作薄操作技巧,LDJ027,0.0,23697
电影人物素描100练,花还在,0.0,12579
78张韦特塔罗牌牌义案例精讲课程,绯夜老师,518.0,284
ASP.NET快速入门,itcrazy2016,0.0,13787
人人都可练瑜伽 零基础入门教程,张蕙兰,0.0,27780
0基础Java开发实战教程超级玛丽小游戏,杨中科,0.0,11925
Flask系列教程（1）——基础,知了黄勇,0.0,4941
游戏特效 - Unity3d特效基础 - 入门到精通,赵京宇,0.0,19231
三级企业人力资源管理师,宋文艳,880.0,862
Excel2013 职场提升教程（Level2）,秦川70,119.0,489
电商总监带你做网站策划,勾俊伟,16.9,1658
破译心算密码，领略数字之美,心算女神陈冉冉,268.0,448
机器学习导论,统计之都,0.0,15566
k线理论-股票技术指标详解,,0.0,78864
【简快阅读-6】高效时间管理：下班后赚更多！,雷子|复制卓越,0.0,41745
自由搏击教学,,8.9,15373
韩国语快速入门—研希独家韩语入门精讲,LF妍希,0.0,44276
SQL教程,杨中科,0.0,43335
60分钟教你做活动策划,林杉03,89.0,741
夹脑计划,,0.0,8567
John Huu教英语之 美语发音,johnhuu老师,0.0,18613
精通PPT课件设计与制作,高原红,59.0,461
尤克里里小丸子课堂,原笔ukulele,0.0,12950
微商从小白到大咖实战教程,,298.0,436
Python Django 快速Web开发入门,潘炳臣 等,0.0,36133
把妹地图,浪迹,0.0,23210
项目管理十大模板,肖杨,0.0,19920
小明英语,Ming Stephens,0.0,21739
2016会计从业资格考试-财经法规,对啊网,0.0,11795
爱生活，学折纸,阳光下的雪,0.0,58983
照片管理：Lightroom比PS更重要,咔图叶梓,118.0,651
思维导图软件·自学速成指南,雷子|复制卓越,99.0,614
2015年会计从业资格证《财经法规与职业道德》,,150.0,2309
循序渐进学摄影（中级班）,钟百迪摄影课堂,99.0,842
专硕写作临门一脚：考点预测八套卷,王诚,19999.0,401
Web 开发小技巧,happypeter,0.0,16226
老杜教你弹吉他,杜新春,28.0,3085
《2018年 初级经济法》,汤婧平,238.0,327
60秒学英语（2013版）,,0.0,37444
用PPT做微课,且行资源,0.0,14077
人人都能学会的《十倍速读法》,大锤老师,198.0,507
魔发秀：韩式编发,小P老师,0.0,45014
这可能是史上最易懂的日语语法课,宵寒,0.0,31392
尤静波：流行演唱技巧（二）,尤静波,0.0,39821
精读新概念英语3【公开课】,任杰Jack,0.0,35544
解密英语语法的原理—公开课,谢瑞老师,0.0,32566
Prezi高阶课程：迈向精通,计育韬,120.0,603
Unity 2D 制作《开心消消乐》,InsideRIA,3.0,569
MySQL数据库操作,李强强,0.0,26046
OpenGL进阶萌谷手册（Windows版）,萌谷王,198.0,205
Linux网络编程（嵌入式开发进阶）,,9.9,994
轻松读书46期：拖延心理学,波波羊,0.0,68553
100种电影拍摄技巧,林杉03,10.0,982
我是面试官,徐中全,99.0,368
10分钟心理学速成,Hank Green,0.0,13168
中国最牛简历课,波波羊,0.0,26357
3分钟学雅思,新航道雅思老师,0.0,16938
5个经典的前端面试问题,云课堂直播号,0.0,6638
Windows10 快速上手教程,秦川70,0.0,52480
英语国际音标发音课程合集,,0.0,28243
PHP开发基础入门视频教程,向军,0.0,12604
高效工作 | 跟七君学时间管理,七君™,196.0,445
淘宝店铺装修“天猫”范【活动篇】,顾领中 等,99.0,789
HTML5 Web开发进入新时代视频教程,徐一涵,0.0,14121
零基础也能快速学会ASO,甄世安,129.0,488
简明法语公开课,阿浪天涯,0.0,42368
5节课围棋入门,张朱泓杉,0.0,19041
美联英语：雅思听力精细30讲,Aaron老师,0.0,13104
最适合入门的嵌入式Linux视频,weidongshan,0.0,10669
郎咸平：面向未来的创新思维,郎咸平,0.0,41066
3dmax游戏模型贴图插画【全集】,顾领中 等,499.0,362
微课设计与制作●从入门到精通,王珏老师,68.0,295
全套CDR基础入门教程-coreldraw官方教程,,0.0,13323
玩转Oracle实战教程,韩顺平,0.0,22345
实验万事屋SCI制图教程,李莫愁博士 等,149.0,1234
揭秘EXCEL真相（连载中）,布衣公子 等,299.0,207
玩转 Android 基础课堂,黎潞潞Messi,0.0,28072
设计的讲究,云课堂直播号,5.0,2232
PPT2013 PS&AI组合技巧教程,杜智磊,0.0,39165
文献管理与信息分析（中科大2013年春季班）,罗昭锋,0.0,18453
【首尔公开课】基础韩语发音+新标准韩国语1,首尔韩语-文芝河老师（韩国） 等,0.0,26967
Linux操作系统（嵌入式开发基础）,朱磊,0.0,13150
高中化学必修二同步全程微课,文之星教育,30.0,459
【特价】机动车驾驶人考试二：场地驾驶,中国汽车教育网,599.0,696
R语言数据分析与挖掘实战,ddxygq 等,110.0,316
建筑家装4部曲【PS后期制作】,秦双宇 等,99.0,712
BAT产品经理第一课,Luke,0.0,26727
初级实务-2016会计初级资格考试,对啊网,0.0,8639
单词记忆法,傅建斌,0.0,22475
NLP精华解密——NLP专业执行师的七大神技,雷子|复制卓越,800.0,193
行动学习,马德富,0.0,16675
零基础iOS开发 iOS教程 App开发,原型课堂,0.0,37479
从零开始学会如何在体制内生存,老秘书,99.0,825
怎样用PS绘画素描头像,王康慧,0.0,77780
0基础大白话水彩课——玫瑰耳环,茅夫人,6.0,452
简七：极简12招，让钱自己去挣钱,简七老师 等,99.0,851
临床型SCI研究设计与数据分析概述,,588.0,276
零基础C语言学习教程 C语言程序设计,,0.0,29197
玩转问卷星（免费视频版）,海云老师,0.0,13030
早餐英语第一季,卡卡课堂,0.0,33526
PS CC 2017你不知道的黑科技,大中课堂,0.0,10883
巧用PS，多种方法提取原画线稿,,0.0,22968
Servlet+JSP（JavaEE开发进阶Ⅰ）,程刚老师,29.9,1800
【摄影后期】唯美日系色调,邹云东,0.0,22980
淘宝店铺装修“天猫”范【店招篇】,顾领中 等,99.0,792
Revit全过程建筑设计师,夏彬Uuarch,39.0,636
JavaScript开发详解,李兴华,0.0,13249
结构思考力：思考清晰、表达有力！,李忠秋,189.0,637
轻松读书66期：麦肯锡方法,波波羊,0.0,48403
Sikana游泳课堂-学习蛙泳,,0.0,15111
3D游戏建模3dsMax基础篇,,0.0,14888
职业人商务素养提升五大管理,杨路,0.0,23875
"结构化思考, 图形化演示 ~职场中の思维导图",逛逛,0.0,44490
日语能力考N2语法强化课,,0.0,26852
UI设计（H5场景动画篇）,顾领中 等,129.0,458
吉他弹唱之美式指弹,朱家明,0.0,31616
教你快速掌握情场高手的约会方式,源靖,48.0,703
麻省理工公开课：线性代数,,0.0,6433
玩游戏也能学编程-CodeCombat,java编程讲师oeasy,0.0,26951
统计机器学习,统计之都,0.0,9651
Sikana游泳课堂-克服对水的恐惧,,0.0,14177
英语口语外教课程[视频+课件]不限时学习,李先知,495.0,623
李炎恢XHTML教程,李炎恢,0.0,10632
淘宝开店快速入门至运营高手教程,,0.0,26946
5分钟学会简笔画大全,珊珊,9.9,755
有话好好说——缔造完美的说话技巧,,1.0,2841
日语入门课——五十音图速记课,王进,0.0,21444
问卷统计分析——SPSS快速入门,SCNU马秀芳,0.0,17199
职场人际麻烦处理秘籍-达梦青山焱轻松搞定,青山焱,20.0,2896
摄影的真谛：极致摄影的构图,闭眼缄默,10.0,3440
零基础入门英语词汇,,0.0,28074
微课入门与进修,刘成俭,80.0,268
人工智能前沿与产业趋势,雷鸣 等,0.0,7271
Maya海贼王三维动画教程,杨子纩,0.0,18339
Python 实战计划：7天上线苹果官网,,0.0,28739
Java Web项目实战（金尚网上商城）【尚学堂】,马士兵,0.0,12266
秀米排版设计全攻略,,49.0,2808
Unity 2D制作《激光圈》小游戏,InsideRIA,9.9,852
EASY Photoshop 零基础自学教程,容华建,79.0,348
200个案例教你如何拒绝,姑苏明月,25.0,2008
"Linux kernel Hacker, 从零构建自己的内核",Coding迪斯尼,6.0,569
【销售必备心灵鸡汤】狠人说销售,离岸者,0.0,18809
【简快阅读-7】你也可以成为“天才”！,雷子|复制卓越,0.0,25660
网页设计4部曲【flash】永久有效,顾领中,99.0,570
photoshop CC教程ps入门基础课程ps教程,孔老师课程,0.0,14642
常用日语100句（生活篇）,さくら,0.0,56972
性能测试,蜗牛学院-邓强老师,0.0,7839
C语言俄罗斯方块教程,C3程序猿,8.0,810
英语语法入门精讲合集,,0.0,32987
艾问顶级投资人之创客法则,艾诚,0.0,16964
看美剧学美语之老友记（第一季）,云上课程开发组,0.0,91464
XHTML+CSS2+JS整站制作教程,妙味课堂刘伟 等,0.0,19248
8个UI图标icon动效玩转AE交互技术与理论,孙刚,0.0,10134
Linux多线程（嵌入式开发进阶Ⅱ）,朱磊,9.9,812
Laravel实战：任务管理系统（一）,霹雳神【pilishen】,39.0,461
小黑现象—纯正英语口语聊中美文化差异,Stephane&amp;nbsp;Fouche,0.0,51118
Sikana美术课堂：漫画中的角色,,0.0,17050
系统英语学习方法和时间规划指南,Frank英语大咖,129.0,479
高效会议管理出绩效,何澜,0.0,26512
【简快阅读17】《成功者的大脑》你也可以拥有,雷子|复制卓越,0.0,39219
道家导引术教你健身,王晨阳,0.0,21453
大学生必备的5项互联网技能,勾俊伟,0.0,18570
ThinkPHP讲解,赵桐正,0.0,18217
高中化学选修四同步全程微课,文之星教育,30.0,381
ThinkPHP专题课堂,李炎恢,0.0,12784
App Inventor趣味编程,老巫婆的程序世界,0.0,4004
高等数学,钱sir考研数学,0.0,8458
逻辑表达力（初级班）,袁劲松,0.0,144502
2015年CPA零基础预科班（任务制）,,39.8,527
经理人一小时学会看财报,戴玮,0.0,28875
2014初级会计实务,戴崇恩,0.0,13717
三分钟卡通画,三乐大掌柜,0.0,33456
谈笑间学会Javascript,燕十八,0.0,15978
双赢谈判,,0.0,20628
JavaScript课程,易驰教育,100.0,277
简快网络营销——教你简单/快速地玩转营销,雷子|复制卓越,168.0,268
【PPT档案馆03期】年终总结PPT,@冯注龙 等,0.0,10862
西门子S7-200 PLC 高级编程,工业库讲师,0.0,12736
尤静波：流行演唱技巧（一）,尤静波,0.0,61464
Sikana美术课堂：绘画基础技巧,,0.0,18447
Think-Cell Chart  PPT图表教程,秦川70,129.0,531
MATLAB入门课,高登教育,168.0,1053
胶片摄影基础入门指南,光线摄影学院曾兰老师 等,129.0,263
R语言入门与提高,松鼠学堂 等,0.0,15904
SAP HANA 学院汇总课程,,0.0,5981
CCNA全套视频教程,钱冠伸,0.0,22930
阴阳师式神对战台词日语课,一芽酱,0.0,7610
青少年性教育课程,,0.0,16895
小亮老师讲解 3DS Max 完整案例——片头动画,小亮老师,0.0,28461
怎样用软文思维写工作总结？,勾俊伟,0.0,27119
小编必修课：网络编辑工作指南,勾俊伟,19.0,1335
网页设计4部曲【ps&ai】永久有效,顾领中,99.0,506
卓越领导力的十堂必修课,杨思卓,0.0,20301
旅游日语,,0.0,30922
道德经的秘密,老霜总,0.0,19590
轻松读书58期：大学里要做些什么,波波羊,0.0,15432
沟通谈判 l 职场人际沟通全攻略,王坤 等,208.0,240
零尤克里里轻松学——基础入门教学,桃子ukulele,0.0,9349
高等数学（上）基础课程,张云,0.0,8989
多学多用：办公室也能成为瑜伽馆,多学多用：张佳懿,0.0,13864
跟光年一起玩转AxureRP8小白变大神,比利光年,158.0,346
dreamweaver网页设计制作零dw基础HTML,万晨曦,0.0,24566
java基础——面向对象,,0.0,3518
混职场必备10款高逼格图表课,职场效率提升指南 等,99.0,807
【简快阅读-4】断.舍.离：物品与心灵的管理,雷子|复制卓越,0.0,29488
SPSS Modeler数据挖掘实战,小蚊子数据分析,129.0,447
造就TALK,卢俊 等,0.0,11292
2018校园招聘：名企通关全攻略,DreamOffer,39.0,740
Maya软件基础,,0.0,35193
痕迹识人，面试读心,王新宇,49.0,317
运用SMART法制定恰当目标（锦囊课）,HOWARD WARD（霍华德）,9.9,995
如何用手机拍旅游大片?,韩松（原画册）,99.0,509
生活食材小知识,,0.0,10561
基金定投（高级篇）——智慧定投,周小树 等,80.0,226
说英语不再磕磕巴巴,Jack 大白老师,0.0,14504
C语言贪吃蛇教程,C3程序猿,5.0,799
【HTML+CSS】WEB前端工程师零基础入门篇,陈学辉,0.0,10953
K线分析经典教程,,0.0,22285
扑克魔术 ,,0.0,42845
创业必须知道的心理学,俞炳呈,0.0,21826
写实人物画法——【飞盒艺术派】,,0.0,27245
塔罗牌零基础系统教学占卜操作加解牌,绯夜老师,68.0,525
从零学瘦金体,,129.0,164
克服演讲紧张“六脉神剑”！,钱闯老师,0.0,9561
Excel商业图表修炼秘笈-基础篇,张杰,19.9,678
高中物理选修3-1全程微课,文之星教育,30.0,356
多学多用：揭秘劳动关系,多学多用：左祥琦,0.0,17428
Excel报告自动化实战,小蚊子数据分析,29.0,902
C/C++学习指南系列（补充篇）,阿发你好,18.0,439
黑客入门教程,董文磊,35.0,297
PHP基础课程,李强强,0.0,10187
Excel2016函数与公式实战有答疑,Excel报表顾问,50.0,904
Oracle认证专家视频教程-OCP全套教程,相老师,0.0,16052
xmind 8 思维导图win&Mac 原创正版,罗涛老师,19.9,681
琅泽Kk系列_3DMax室内效果图教程【室内设计】,KK,0.0,9052
摄影的真谛：极致摄影的审美,闭眼缄默,10.0,6500
Excel必备魔法函数揭秘,职场效率提升指南,198.0,214
Visual C++ 语言编程开发详解教程,,9.9,436
EASY Photoshop 抠图技巧大全,容华建,0.0,16831
Photoshop基础工具教学【PS教程】,讲师刘涛,9.9,1013
美联英语：实用餐厅英语,天天老师 等,0.0,23225
3Dmax建模渲染全套合辑教程,裴云龙,699.0,93
3ds Max软件基础 ,,0.0,18004
《轻松做出纳》,汤婧平,0.0,13219
谭江海：帅大叔陪你轻松瘦十斤,谭江海 等,50.0,1674
YouCore系统思维：用框架解决问题,王世民,99.0,748
“词源法”通用万词课,摩西英语,980.0,87
跟两米青年学拍视频,两米青年,0.0,8892
《财务管理》会计师中级,王金,0.0,8391
Excel快捷键提升三倍效率,Michael Wang 等,0.0,29027
十天学会PHP（第五版）,王亮1024,0.0,5324
10分钟提升200%效能-达梦青山焱工作效率提升,青山焱,98.0,1907
淘宝店铺装修【2017新版海报设计】,顾领中,99.0,643
Java学习指南系列（网站开发）,阿发你好,38.0,210
手机摄影之旅行风光摄影讲座,光线摄影学院曾兰老师 等,0.0,9794
魔鬼搭讪约会学,阮琦,0.0,42712
教师语言技能 ——  艺术语言篇,瞿亚红 等,0.0,9909
茉雅瘦身舞蹈,,0.0,32347
A+教育小亮老师：3dsmax的实用小技巧,小亮老师,0.0,6498
电商总监教你做内容营销,勾俊伟,9.9,1375
女神美腿操,,0.0,32254
文青速成——读诗赏句学修辞,廖志超 等,0.0,21900
照片精修：Photoshop入门到精通,咔图叶梓,236.0,550
如何区分日语自他动词,迷加老师,0.0,23795
Tableau数据分析案例实战(基础篇),文彤老师,99.0,205
PowerPoint小技巧集锦（PPT）,再晨,0.0,16807
Unity 2D 制作《愤怒的小鸟》游戏,InsideRIA,88.0,504
注龙大战PPT（真人出镜视频教学）,冯注龙,99.0,236
LinuxCast.net每日播客,苏勇（nash_su）,0.0,11304
1小时激发你的绘画潜能,范建华,0.0,17809
网易云课堂前端开发交流会,顾平（网易前端） 等,0.0,40585
【特价】驾驶考试科目三：道路和安全文明,中国汽车教育网,599.0,379
Power Query 玩转商务智能 共102节,朱仕平Excel+,199.0,176
魅力学堂3.0,乐鱼恋爱学,1790.0,415
看电影学演讲,少毅,0.0,33110
世界记忆大师 教你快速提升记忆力,卢菲菲,99.0,541
【简快阅读27】把事情做得更好的42项法则,雷子|复制卓越,0.0,57928
专业硕士逻辑真题解析及快解技巧,王诚,299.0,290
快速掌握升级与女生亲密关系的方法,源靖,58.0,706
C++基础第一季,师占标,0.0,26991
【简快阅读31】如何高效学习——整体性学习法,雷子|复制卓越,0.0,39101
Excel图表：快速入门到提高,龙逸凡,99.0,348
跟世界管理名著学管理学（第1版）,唐凯江  博士,168.0,298
2017高考化学一轮复习,文之星教育,30.0,365
React Native零基础入门到项目实战,易荟云,0.0,6472
琅泽老高课堂_3DMax-Vray3.0教程【Vray教程】,高帆,0.0,6250
设计秘笈公开课（20万年薪的秘密）,UIUED 等,0.0,28187
新英语900句基础篇,Jim,0.0,11227
经典数据结构与算法剖析,watchmen,0.0,19800
《榕哥烙科》每天一点小科学,赵榕,0.0,13604
黑客之路第一期,百晓通客栈lindorl,0.0,66278
WordPress 基础教程,王皓,0.0,12869
深度解剖dubbo源码,阿甘java架构,1799.0,173
Principle微交互设计,原型库,199.0,463
两个小时，搞定预算,汤婧平,98.0,563
网球零基础入门,乐享网球,78.0,721
2小时学会英语字母与音标,对啊网,0.1,2010
Excel公式与函数——试听版,则秀木生,0.0,14859
3DMax2013基础入门篇,轻松设计,0.0,42473
吃出来的生意和机会,,0.0,23906
Android高级应用开发Ⅲ_基础篇,Sundy,19.9,1564
Sikana游泳课堂-学习爬泳(自由泳),,0.0,13488
三菱FX系列PLC 从入门到实践,工业库讲师,0.0,14160
轻松学习网页设计系列视频教程,张鹏,0.0,22536
《如何做项目可行性分析》,汤婧平,138.0,376
大熊讲英文故事,WowSchool 加州大熊Joey,0.0,5144
ps教程ps学习ps视频ps全套ps 新手到高手之路,曾老师 等,0.0,30827
爱心折纸初级班,,0.0,19831
Excel 2016 零基础班,李明,0.0,8714
自己动手用java写编译器,Coding迪斯尼,0.0,5986
360°解析PPT制作-公开课,小陆老师,0.0,29397
用PPT快速制作音乐视频相册,海云老师,0.0,14923
8种风光摄影技巧教学视频（免费）,雷波,0.0,28248
名师Frank的面对面英语私教课,Frank英语大咖,560.0,156
普拉提初级（一）,何洁凝Apple,0.0,38265
6小时快速开发APP,,0.0,34222
PPT入门进阶职场商务型2016版,,88.0,278
5阶段教你吃透投资理财,牛建萍,99.0,1951
Outlook2016 职场入门教程(Level1),秦川70,49.0,405
React实战入门,LeonLi,0.0,14250
轻松读书55期：影响力,波波羊,0.0,38863
2015版《POFEI教你学吉他》吉他教学入门,,0.0,28381
有效沟通,刘兴武,49.0,6833
AngularJS教程,向军,0.0,7477
计算机二级MS Office之Excel精讲,麻花老师,0.0,6180
微课制作指南——你也可以成为互联网名师！,李翔老师 等,0.0,12461
Photoshop CC 2017 零基础PS速成篇,设计传说,5.0,835
热点财税问题分析解答,戴崇恩 等,0.0,6959
玩转 Java 基础课堂,李宁Kevin,0.0,25726
“英语渣”出国前需要猛补的口语课,Frank英语大咖,90.0,432
Premiere/Pr基础教程|1小时入门视频剪辑,NA梦想家,0.0,10828
影视后期3部曲AE&PR项目制作,顾领中,99.0,463
PR CC 2017 高级剪辑调色大师篇,设计传说,198.0,294
PS CC 终极大师技能巅峰培训课程,设计传说,256.0,167
C++学习教程 程序设计 C++基础教程,郭宏志,0.0,17234
深度学习-Tensorflow实战视频课程,唐宇迪,128.0,310
FitTime 男士增肌训练系列,,0.0,16919
个人品牌入门到精通,勾俊伟,129.0,342
证券从业资格证之《证券投资基金》,,0.0,12861
罗永浩的演讲之道,王锴大白,0.0,81579
坐而论道，和光同尘,钟平老师,39.0,1269
【创业思维】菜鸟该如何创业？（体验）,俞炳呈,0.0,29184
Frank陪你练花体英文,Frank,168.0,217
Office2013 新特性案例专题,秦川70,0.0,31016
萌妹子教你玩转UI设计,,0.0,41771
财务报表分析解读,闫静,0.0,17735
淘宝大全【2017新版即将涨价】,,0.0,12293
淘宝店铺装修【2017新版高级修图】,顾领中,99.0,478
"""码""农入门日记",顾领中 等,0.0,13547
脱离单身大作战,郑匡宇,19.0,2273
2017初级会计职称《初级会计实务》,张济民,0.0,4378
用逻辑思维打造卓越说服力PPT,Jeff老师,198.0,398
思维导图时间管理,姑苏明月,620.0,226
瑜伽是最好的医药,景丽,15.0,1213
热歌教唱（3）-《可惜不是你》,刘玉,19.9,2080
EXCEL2010 75例经典工作实战应用,朱仕平Excel+,99.0,377
脱离语法苦海—相见恨晚的语法教程,Frank英语大咖,129.0,271
SSM高级整合视频教程,雷老师,0.0,4942
Javascript之Vue.JS （二）,石川,100.0,317
《流行歌曲实战编曲教程》全面掌握流行编曲,周琦,0.0,32321
编程一小时  跟着博士玩编程直播课,海码爸爸,0.0,11326
PS AI 高效率TOP50 快捷键技巧学习,设计传说,0.0,7943
【大数据】,,29.0,485
书本上学不到的英语表达,维视课堂,0.0,21294
玩转Python语言,,0.0,23198
Arduino／Genuino101开发入门课程,,0.0,6794
玩转摄影：案例教学＋重点讲解,蜂鸟微课堂,0.0,8138
蓝铅笔 Q版插画入门SAI绘画教程,柯柯,9.9,1160
西班牙语A1A2课程,Emilio,0.0,16757
黑客之路第三期,百晓通客栈lindorl,0.0,24309
雅思官方考试考情分析,,500.0,493
Oracle数据库 Oracle数据库教程【尚学堂】,,0.0,11946
管理者如何提升语言表达艺术,朱俐安,0.0,14280
2014年6月四级备考全攻略,,0.0,18628
把产品用正确的方式卖出去,李志强,99.0,397
一分钟童趣简笔画,V说新语,66.0,363
幽默段子脱口秀的技巧,JINGO老师,38.0,506
家居风水怎么看的,福善易学工作室,0.0,11930
如何阅读食品标签－－营养学入门,微斯玛特健康学院,0.0,30547
画学习中那些蛋疼的事儿,,0.0,4791
女性魅力课程——形象素质篇,张乐华,0.0,20780
用AE制作萌萌的“即刻猫”扫地动画,,0.0,13969
教你做GIF动画广告,林杉03,20.0,1265
平面设计之平面终极课程【公开课】,C课堂｜顾领中,0.0,11582
时间管理每天最重要的三件事,ivy沈敏吉 等,0.0,40428
oeasy教你玩转Audition,oeasy 等,0.0,12520
Axure RP 8 入门与实战-系列课程,小楼一夜听春语,0.0,11612
拯救中式英文,Greg 韩刚老师,0.0,10679
沟通交际 | 人脉拓展攻略,蒋巍巍,29.0,2209
李炎恢ASP教程,李炎恢,0.0,7507
Jessie音标和自然拼读快乐教学（进阶篇）,苑曦老师,0.0,10601
"职场中，怎样面对难相处的人,100个案例教你",姑苏明月,25.0,840
Unity 3D游戏程序开发公开课,U3D侯老师,0.0,23565
美联英语：无痛职场英语口语,Jeremy Yang,0.0,15486
excel数据透视表的应用与技巧,赵明哲——微软办公软件国际认证专家,0.0,23177
一个人也能做好公众号,王路,99.0,739
光影之美摄影教程,DIKING,0.0,67896
打造顶尖销售高手,王希民,0.0,36205
windows下的技巧与工具（基于win7/8/10）,大学生必备软件技能,0.0,36684
拼出广东话（粤语）【发音】,拼东话Alex老师,99.0,351
VB程序设计(Visual Basic)基础教程,高登教育,168.0,399
零基础学习油画课程 油画临摹课程,绘画大师,0.0,1007
.NET/C#零基础快速突破,常慧勇,0.0,14502
商业百年,汤婧平,398.0,219
铁夫破词第一季 破解单词 科学记忆,赵铁夫English,0.0,20126
古厄木频道（摄影&PS）,古厄木,0.0,10350
快速学会思维导图 — 训练营基础篇,吴思分享,49.0,626
日语能力考扫盲课,迷加老师,0.0,21410
零基础英语的必修课：从赖世雄入门,Frank英语大咖,99.0,334
Android快速开发教程第一季,陈业明,0.0,21873
礼仪-帮你做个有修养的人,靳斓,19.0,491
周珂令超级Q版人物设计与绘画高级讲座,周珂令,0.0,15313
会计基础,,0.0,75272
Sikana美术课堂：动物画法,,0.0,13812
用PS制作复古工笔画效果,,0.0,20610
玩转思维导图,罗昭锋,0.0,28174
Android基础视频教程,刘兴宇,0.0,18606
html、div+css、vip实战教程,孙琪峥,0.0,9661
Photoshop软件基础,,0.0,10474
python 入门到精通,meShare,0.0,19253
Lightroom 5 入门到精通单反调色,设计传说,5.0,920
CorelDRAW X6基础到精通,轻松设计,0.0,26929
会声会影X9 快速入门教程,,0.0,8764
PS教程-Photoshop经典合成特效案例,,0.0,16351
[入门课程]LAMMPS入门引导网络课程,模拟小窝,198.0,311
约她,倪淙岩,98.0,346
日语语法的99场攻坚战（试播课）,莜蕾老师,0.0,12641
说文解词-高级 (留学版),杜松老师,149.0,220
淘宝开店准备,苏文柳 等,0.0,33024
轻松学会硬笔楷书,王俊奎,89.0,192
R数据分析与可视化基础,中继点,199.0,323
轻读07期：5分钟和陌生人成为朋友,波波羊,0.0,91934
Dreamweaver网页制作实用教程(第二版),缪亮,0.0,23871
掌握六种和女生走心沟通的聊天方法,源靖,38.0,815
TBBT冷知识-极客的自我修养,Summer王靓 等,0.0,21800
考研数学,,0.0,13704
AE CC 2017 运动图形MG动画训练,设计传说,0.0,6400
PS入门教程-Photoshop大神成就之路【MAC版】,优创教学PS精品课,0.0,15342
如何学习《隐蔽催眠的艺术》,姑苏明月,240.0,330
贝太新煮艺：美味晚餐,任芸丽,0.0,27455
玩转搜索引擎,罗昭锋,0.0,16259
美骐瑜伽-带你走进不一样的瑜伽,,0.0,16910
WEB系统测试,蜗牛学院-邓强老师,0.0,6437
简快逻辑术——关键词与结构化思维,雷子|复制卓越,168.0,204
自己动手从0到1写嵌入式操作系统,李述铜,199.0,147
Javascript之Vue.JS（一）,陈潇冰,0.0,13187
网易DBA大咖分享会——MySQL数据库,杜明友 等,0.0,18353
Oracle数据库网络公开课,陈卫星,0.0,13609
Sikana游泳课堂-学习仰泳,,0.0,9945
Excel高手必修-老师答疑,Excel报表顾问,70.0,446
对话大数据,,0.0,50601
Python爬虫：脚本爬虫和Scrapy框架,小布老师,199.0,225
考研英语复习策略,刘知溪,18.0,474
高中生物必修一全程微课,文之星教育,30.0,329
会声会影x10视频教程之案例提高篇,飞鸽视频制作,149.0,128
MATLAB基础知识大串讲,CODE学院,30.0,613
全栈新媒体人7天成长计划,野子chen 等,0.0,7721
简单摄影后期课,良知塾李涛,98.0,194
跟着袁伟练演讲,袁伟,198.0,359
AutoCAD精品案例制作课程,茶树网学院,0.0,16779
Excel职场人的必修课,Excel报表顾问,0.0,13942
果蔬挑选小窍门,,0.0,53065
教你一款3000万次点击的H5实战,森林味,0.0,13965
音乐导赏 | 卡农是如何在流行音乐中展现的,橙客,0.0,11806
Excel超强实战技巧20例,凌祯 等,9.9,496
轻松读书65：麦肯锡教我的写作武器,波波羊,0.0,21863
AE After Effects零基础入门教程,,0.0,13864
精品游戏原画视频教程,张聪 等,9.9,493
全国计算机二级C语言零基础视频班,等考365课堂,10.0,954
JavaScript,高洛峰　,0.0,19005
龙飞虎讲功夫英语,龙飞虎,0.0,26662
黑客之路第二期,百晓通客栈lindorl,0.0,26412
初三数学重点难点解析,刘宏生 等,0.0,15417
2017初级会计职称《经济法基础》,张济民,0.0,3715
机器学习与大数据,薛超,0.0,17600
10天学会Shell编程,阿铭Linux,0.0,17391
wps office2016表格视频教程,诺思诚教育,15.0,406
【简快阅读15】《哪来的天才》——刻意练习！,雷子|复制卓越,0.0,25699
商务PPT高手入门：PowerPoint宝典,幻灯派PPT钱老师 等,0.0,3275
用 WordPress和 Avada做HTML5网站,achair,499.0,131
流行钢琴弹唱讲解及示范,,0.0,18218
"如何进入google,算法面试之道",,6.0,475
【简快阅读28】《30岁前的每一天》,雷子|复制卓越,0.0,35321
父母做对才不累之一：父母必知的自有工具,王占伟,49.0,3315
Unity 制作 Google  VR 全景应用,InsideRIA,5.0,453
Word2010视频教程(从入门到精通)全套,,9.9,671
托福基础语法：趣味小例子，轻松学语法,,0.0,9040
离子镀膜技术,王福贞,0.0,5245
数字能量数字磁场 手机号码吉凶预测开运,无为子,268.0,187
7天学会素描全集,珊珊,9.9,5876
轻松做好时间管理,离岸者,68.0,500
大家的日语第一册视频教程,路得老师,0.0,4893
一点植物学：201-300集（完结）,植物人史军,99.0,262
有趣的机器学习,Morvan,0.0,7542
『李兴华java培训23』MongoDB数据库,李兴华,0.0,8257
PS摄影后期3大锐化技巧,顾领中,99.0,801
illustrator教程,【为课网校】-mia,0.0,15696
高中物理必修一全程微课,文之星教育,30.0,377
游戏设计3部曲3dmax建模,顾领中 等,99.0,335
OpenGLShader（Windows版）,萌谷王,298.0,133
java编程入门-教你玩转我的世界mc-minecraft,oeasy 等,0.0,16471
R语言入门（实验万事屋）,李莫愁博士,299.0,372
PHP基础巩固教程,燕十八,0.0,6773
日语五十音图,王小蕾,0.0,14204
手把脸教你做表情（图文教程）,殇小辛,19.9,1122
Photoshop cc 2018 网络火爆PS教程,,60.0,114
人人都会做游戏-Unity2D搞定笨鸟,InsideRIA,5.0,603
oeasy和你玩转微信公众号-微信公众号运营教程,oeasy微信讲师（公众号开发）,0.0,44507
HTML5视频教程,丛浩,0.0,25607
CAD快速入门教程-CAD零基础教程,,0.0,8954
如何做好PPT演讲演示,马建强——IPPTA商务演示专家,0.0,20040
我的健身日记,,0.0,50569
R数据挖掘实战,小蚊子数据分析 等,129.0,563
多旋翼飞行器设计与控制,全权,299.0,168
Node.js 实战开发：博客系统,钟毅,0.0,3678
CAD实用教程,潭州CAD设计学院,0.0,17257
认知计算与人工智能,王青,0.0,23740
拜拜大粗腿,,0.0,23752
高中化学选修三同步全程微课,文之星教育,30.0,301
全国计算机二级C语言真题题库解析,张成叔,100.0,384
微信营销入门,王虹焰——中国物联网集团副总裁,0.0,35658
【英盛网】营销人培训班,臧承云,610.0,318
AE Trapcode Form粒子插件速成教程,李辰LiChen,0.0,11782
双猫食札--美食的小资范儿,,0.0,29332
『李兴华java培训01』Oracle数据库,李兴华,0.0,7303
动画零基础入门三十三讲,王博,0.0,8168
精看电影学英语【第一季】,任杰Jack,99.0,294
网页设计4部曲【2017版即将涨价】,C课堂｜顾领中,0.0,10099
吉他入门教学,刘宗立,0.0,46121
谁说菜鸟不会数据分析（图文课程）,小蚊子数据分析,0.0,64518
AfterEffects CC中文版案例教程,良知塾李涛,49.0,512
高考作文考场“救命”大法	,马昕,0.0,9828
有young瘦身舞,,0.0,19792
不一样的四六级词根记忆（100节）,Alex,49.0,294
无领导小组面试 IPMA资深督导,张晓芳,58.0,519
Shell脚本编程,李强强,0.0,12679
Flash交互多媒体开发,ZStar,0.0,7899
Unity 2D 制作《贪吃蛇》游戏,InsideRIA,9.9,607
十分钟学会手绘思维导图,嘉璐 等,0.0,34688
日语N1真题解析：文字词汇、语法,米良老师,0.0,25399
5小时成为演讲高手,大卫祁,69.0,555
世界上最经典的歌剧快速入门,,0.0,11733
从零开始学会计—让你轻松掌握会计基础知识,算子堂,0.0,20394
咏春拳教学,,8.9,1755
时间不够用？用时间日志找出原因,邹小强,0.0,33884
手把手教你做产品（精品课）,刘文智,0.0,11906
人力资源体系与规划（更新）,刘建华,0.0,26098
PPT进阶教程之：鼠绘案例,雪原PPT,0.0,16500
初级会计职称《初级会计实务》,对啊网,0.0,10167
网易内部视觉设计作品分析,吴挺聪,400.0,173
系统评价与Meta分析实战实验万事屋,松哥统计,200.0,334
魔发秀：甜美风,小P老师,0.0,22039
快速掌握微信朋友圈吸引女生的方法,源靖,28.0,704
日语入门必修4堂课,小婧老师,0.0,21928
影视剪辑的逻辑与技巧 +送千首素材,林杉03,39.0,459
从零开始学日语:日语入门必修课,あき,0.0,34751
逻辑回归与Pandas库（第二课）,唐宇迪,39.0,402
IT求职之道—2小时打通名企IT类求职全攻略,职道长,9.9,448
零基础快速入门H5,岑远科,0.0,12543
【简快阅读11】掌控你的人生，活出你的精彩,雷子|复制卓越,0.0,10483
民谣吉他入门教程,,0.0,16135
利用Camtasia做微课,且行资源,4.9,555
瑜伽基础学习,晓琴瑜伽,0.0,5250
AUTOCAD2007零基础入门到三维渲染,景蓝老师,49.8,271
用AE制作影分身的神奇特效,,0.0,14802
excel免费教程,【为课网校】-张斌,0.0,10620
跑步教程,,0.0,4619
网页设计4部曲【建站】永久有效,顾领中,129.0,363
全国冠军免费教你入门学尤克里里,白熊音乐Ukulele,0.0,7800
单反拍摄技巧  爆款拍摄实战技巧,赵巍,0.0,23918
新概念英语 第一册 英语入门,魔力英语Chelsea,248.0,97
Axure RP 8 入门与实战-系列课程,小楼一夜听春语,0.0,5620
淘宝美工教程ps教程网店美工首页设计实战教程,冰美人设计,0.0,23097
Windows程序设计（SDK）,小甲鱼,0.0,6818
PPT动画29式,V说新语,58.0,484
水晶易表数据可视化实战,小蚊子数据分析,99.0,351
跟我学 蛙泳,,8.9,1474
《钢琴免费公开课——5分钟，人人会弹琴》,萧宽志（Edward Shaw）,0.0,25369
实用APP软件视频教程,幸福马超,0.0,26294
高中数学：数列求和,,0.0,14530
专业硕士写作：从入门到精通,王诚,19999.0,310
2014年国家公务员考试高分特训课程,,0.0,7601
深度学习入门视频课程,唐宇迪,345.0,265
吉他弹唱入门,邓劲松吉他教室,0.0,7190
C语言入门课程精讲(享精品公开课),朱磊,0.0,6167
内在安和 超然幸福：30天冥想挑战,戈尔尼太达斯,0.0,19627
装饰装修设计师超级宝典,,0.0,18084
大白读书：如何用非暴力沟通解决沟通难题,王锴大白,0.0,22836
美联英语：雅思阅读精细30讲,Nancy老师,0.0,11263
高效学习法,书路网仕,0.0,43373
HTML5+CSS3项目实战：幽灵按钮,张礼军,0.0,8476
十八掌教育_徐培成_Java教程,十八掌教育,0.0,3143
Excel PowerPivot数据可视化分析必备18招,PivotModel刘凯 等,180.0,303
游戏设计3部曲PaintTool SAI插画,顾领中 等,99.0,412
明天教室－水彩互动课堂,,0.0,33391
Java工程师学习线路图,laoniujava,0.0,12153
从Power Pivot 建模到PowerBI (2),PivotModel刘凯 等,69.0,286
Go Web 基础,陈佳桦,0.0,9515
豹子说——关于生活和工作你所应学到的一些,万戴 等,0.0,8627
Mac OS X Yosemite之旅,黄强,0.0,17510
Java开发300问,李兴华,0.0,5349
网易云课堂Java微专业前置课,翁恺,0.0,14063
平面设计【bridge摄影后期图片管理,顾领中,99.0,461
设计的力量,Magnus Aspegren 等,0.0,27519
R统计分析实战,小蚊子数据分析 等,129.0,260
轻松读书45期：学习的艺术,波波羊,0.0,38435
Excel 2016 零基础进阶班,跟着橡树学Excel,0.0,8493
Premiere AE  动态链接与高效技巧拓展公开课,设计传说,0.0,9412
计算机(上)—安徽建大专升本,张成叔,100.0,338
PHP特级：网站性能优化,李强强,0.0,10748
小学奥数动画课,管晶,0.0,5373
ECharts基础教程,Kener林峰,9.9,6017
轻松读书75期：刻意练习,波波羊,0.0,9971
百科青年之采铜,采铜,0.0,10636
【简快阅读21】《好习惯·坏习惯》,雷子|复制卓越,0.0,13979
2017事业单位招考——公共基础知识,徐灏哲,198.0,199
EXCEL智能图表(Power view),肖帮主 等,39.0,433
corleldraw免费教程,【为课网校】-mia,0.0,11490
超实用日语语法记忆术,エリ老师,0.0,29249
YouCore：三大必备职场表达术,王世民,0.0,7858
色彩管理：屏幕颜色不准怎修片?,咔图叶梓,98.0,439
轻松读书28期：人性的弱点,波波羊,0.0,31284
Struts2全面解析,3W学堂,0.0,5501
2016最新银行考试内部精品课（面试篇）,李辉 等,200.0,823
unity3D－游戏/AR/VR在线就业班 unity引擎,宋博,0.0,6135
素描入门基础,小翊老师,0.0,4150
社群经营手册（保险业）,PP琪老师,399.0,241
高等数学，妹子，禅,鸭梨山大,0.0,15094
MySQL高性能优化,燕十八,0.0,4273
工匠实验室,,0.0,5716
成长分子 通关简历,成长分子,0.0,6226
R机器学习实践,中继点,199.0,363
跟着案例学PPT课件制作,缪亮,29.0,424
素描入门基础教程（名师讲解）,素描课,0.0,3763
Android自动化测试【第一季、第二季】,金阳光,0.0,14133
Sikana急救课堂,,0.0,6433
问卷及量表数据分析,松鼠学堂,30.0,565
高中数学必修一同步练习讲解,唐唐老师,0.0,8130
“8+8”全绩效系统系列课程,李太林,577.0,420
Java Web项目实战（BBS论坛）【尚学堂】,马士兵,0.0,10570
日语入门五十音精讲班（免费学习）,NANA老师,0.0,8929
字有道理,李山川,0.0,4602
i体能 第一课 客厅亲子初级体能课程,罗勇,0.0,31380
魔方入门,三乐大掌柜,0.0,20999
Excel2013 数据SQL教程（Level3）,秦川70,299.0,362
AI教程--平面设计精品案例,茶树网学院,0.0,27101
交互设计大师之路,InsideRIA,98.0,380
民族舞：跟我一起跳《茉莉花》,何洁凝Apple,9.9,3712
翻译资格——二级口译,韩刚 等,0.0,15085
创意不卡壳——60分钟教你突破4项创意障碍,Doron Meir（多伦 米尔） 等,179.0,236
轻松搞定日语敬语,,0.0,22561
琅泽老高课堂_3DMax动画入门到精通教程,高帆,0.0,5445
FitTime 街舞入门教学,,0.0,17186
狼族摄影公开课-第一季,宋剑锋,0.0,6186
实战Excel：Excel数据管理之道 Excel课程预览,EXCELPPT胡冰,0.0,11373
Excel函数使用与商务图表制作,小橡树,0.0,27685
CAD快速入门教程（零基础开始学）,海滨CAD,0.0,4550
Word 2003高级使用技巧,,0.0,10205
Java编程语言进阶,陈豪,0.0,3900
SQLServer数据库基础,魔豆教育,0.0,9750
2014年6月六级备考全攻略,,0.0,15136
家常菜之鱼的做法,,0.0,28521
网络、群体与市场,李晓明 等,0.0,9925
Unity 3D 制作《即时策略》类游戏,InsideRIA,19.9,333
实现百万梦想的理财工具你也能上手,简七君 等,0.0,17573
数据分析实战基础课程,大数据分析实战,0.0,10407
四六级选词填空,卢根,0.0,28774
跟着茉雅做瘦身运动,,0.0,22282
常老师带你学ASP.NET MVC,常慧勇,199.0,169
民俗学,王娟,0.0,14152
制定有效的计划：目标管理,李长太,99.0,370
情绪管理：如何管理自我情绪？,俞炳呈,0.0,23973
回归算法与科学计算库Numpy-第一课,唐宇迪,0.0,6232
和刘老师一起学WPS2016（表格）,刘老师教室,10.0,383
Spring2.5视频教程 Spring2.5全面深度剖析,马士兵,0.0,13606
电信运营商实战工程师之思科设备篇,阳光edu,0.0,7418
轻松读书40期：拆掉思维里的墙,波波羊,0.0,47956
蓝铅笔 《十分绘画》基础插画教程,,0.0,5230
奥巴马每周演讲,,0.0,3416
『李兴华java培训19』GIT完全讲解,李兴华,29.0,401
罗涛PS零基础到掌握教程,罗涛老师,0.0,4173
Excel2013企业级十大组合函数（第二季）,秦川70,0.0,11356
微信营销运营系列课程,,0.0,34848
ThinkPHP5+Apicoud+vue商城APP实战,老孟编程,148.0,145
Excel PowerBI仪表盘实战,小蚊子数据分析,99.0,415
魔法课堂：彩妆类,小P老师,0.0,29904
运营其实很简单,郑文博,298.0,186
微信运营必备：图文排版教程,唐三藏shifu,0.0,59054
金字塔原理应用：职场高效沟通必备(逻辑思维),蒋鸣泉,0.0,32423
10种花卉拍摄技巧教学视频（免费）,雷波,0.0,11823
现代教育技术,且行资源,0.0,5419
ORACLE从入门到精通 2016培训现场,,0.0,4138
混音全揭秘 实战篇 两首不同风格音乐混音,李金城,699.0,279
iOS-Swift开发项目-斗鱼直播APP,王红元,0.0,2884
R语言入门,艾数教育,0.0,8726
Illustrator CC从入门到精通(免费版),酷课堂,0.0,14489
考研数学一,钱sir考研数学,166.0,128
轻松读书47期：非暴力沟通,波波羊,0.0,18361
PHP开发零基础入门(享精品公开课),朱磊,0.0,5629
CFA I 级前导课,李斯克 等,0.0,3906
茶道,王伟荣,29.0,596
甜品小吃,迷迭香美食,0.0,5087
Node.js前端工程师入门速成,Wos,38.0,542
网站建设教程电子商务教程各类平台搭建教程,冰美人设计,0.0,9288
Photoshop免费公开课,狄文超,0.0,17078
魅力提升：形象提升修炼魅力女性,李宛遥,0.0,8432
摄影基础理论15讲,子曰无风,0.0,21146
NoSQL数据库之Redis数据库,,0.0,14966
unity3D－游戏/AR/VR在线就业班 C#入门（一）,宋博,0.0,6069
NLP瞬间提升亲和力,曾红波,0.0,32295
新概念1语法专题串讲（含3E竞赛）,FaFa老师,1800.0,62
投资分析：金融职场人入职第一课,唐建华 等,358.0,91
老钟带你读西游,钟平老师,39.0,806
SPSS快速入门（实验万事屋）,松哥统计,0.0,8203
极客之路,百晓通客栈lindorl,19.99,573
NX/UG数控编程高级实战【正式课】,荣哥课堂,800.0,118
医师资格考试公开课,,0.0,7154
HR基础必修99门实战课,刘建华 等,1280.0,204
嵌入式linux开发实践,平震宇,0.0,2922
Flash课件制作完全自学范例教程,,59.0,203
职场好帮手---PPT 2016基础进阶,何俊,0.0,44563
2018注册动力专业考试购书专享微课,黄伟,168.0,1000
2015国家导游证考试培训,天元工作室,399.0,108
管理与人生智慧,胡大平,0.0,10638
魔法课堂：护肤类（下）,小P老师,0.0,24577
Excel 2003入门,,0.0,8194
英语非常show,,0.0,15081
Ukulele入门教学,刘宗立,0.0,14886
FitTime 瑜伽课堂,,0.0,9570
实用硬笔书法教程,学习力研究院,0.0,26415
全国计算机二级vfp视频基础教程,等考365课堂,10.0,527
中国典故《龙文鞭影》第一部分,三乐大掌柜,0.0,6087
求职简单学,Loy888,0.0,11978
和音乐学院老师一起学习五线谱,柯力,0.0,47565
尚学堂_史上最易懂的设计模式视频,马士兵,0.0,7385
Matplotlib python 数据可视化神器,Morvan,0.0,4804
百度推广基础课程（SEM方向）,臧承云,0.0,15039
时间管理 | 拖延心理分析及克服术,陈勤,29.0,1441
陶瓷拉坯成型工艺基础,方成哲,0.0,7642
Sikana：城市艺术涂鸦课堂,,0.0,10764
前端JavaScript基础知识学习,珠峰,0.0,4372
轻松读书29：每天懂一点行为心理学,波波羊,0.0,56845
职场屌丝如何成功逆袭-青山焱升职加薪全攻略,青山焱,245.0,4101
Python3爬虫三大案例实战分享,崔庆才,0.0,8763
电脑录制微课,刘阳6Y,0.0,7673
Android开发零基础,贺莹,0.0,8060
2015初级会计职称考试初级会计实务,盛戈,0.0,11371
新思维吉他自学教程第二季,朱家明,0.0,18264
用心理学提升人际关系,安慰记11,0.0,10499
嵌入式开发教程-ARM体系结构及Bootloader开发,老李老师,0.0,12792
高一物理直线运动提分课-坤哥物理,坤哥物理,0.0,3906
JS基础教程 JS全套教程 JS全面讲解 JS详解,白鹤翔,0.0,7829
会声会影x10原创视频教程之基础篇,飞鸽视频制作,0.0,4751
【考试点】【考研数学】《线性代数》零基础,杨威,88.0,214
Javascript前端开发,李强强,0.0,8714
Python机器学习简介,,0.0,5370
EXCEL职场进阶技巧 EXCEL技巧,刘冬,0.0,20070
证券从业资格证之《证券市场基础知识》,,0.0,18894
2018四六级高分攻略,洛镔Albin,0.0,23686
JDBC JAVA 数据库编程 视频教程,郭宏志,0.0,11940
产品经理小白课,李肥,0.0,7102
用Python做深度学习(二):Caffe,黑板客,98.0,217
大学小悔：大学生涯管理（第1版）,唐凯江  博士,0.0,3860
Word小白脱白系列零基础视频教程,韩老师,0.0,5627
UI交互新手变大神Axure原型图,陈青芸 等,0.0,5612
雅思词汇6分精讲课程,王子默,0.0,23283
Laravel&Vue实战：任务管理系统二,霹雳神【pilishen】,129.0,170
AU CC 数字音频零基础编辑与降噪,设计传说,20.0,924
快速应用思维导图 — 训练营进阶篇,吴思分享,99.0,470
《成本管理，从入门到精通》,汤婧平,138.0,274
2014考研数学高数：导数与微分课程,李擂,0.0,11933
KEN酱的幼稚手绘世界,汤小元,88.0,201
环游世界：各地旅行你需要注意的那些事儿,,0.0,48984
Linux高级程序设计 Linux C应用编程watchmen,watchmen,0.0,9068
3DMAX教程：基础篇,,0.0,13070
高一各科重点全扫描,李谓 等,0.0,17208
吉他世界：白日梦专题,朱家明,0.0,22931
无讼Club｜精彩内容集锦,无讼club宇宙嘉宾团,0.0,5934
Android项目开发实战-秘密APP,ime,0.0,12061
商务沟通技巧,吴娟瑜,0.0,23541
记忆术与思维导图(第二版),波力 等,0.0,38663
猎头CEO ：如何拿下每一场面试,larry Wang,99.0,334
八分钟提升朋友圈逼格,,0.0,40027
高三英语：语法精讲,宋焕然 等,0.0,15254
二级C程序设计备考集训营,严伟,210.0,147
Linux IO系统编程（嵌入式开发进阶Ⅱ）,朱磊,1.9,523
用个人战略四步法，看清未来三年发展方向,古典,0.0,12947
做游戏，学编程（C语言）,童晶ykt1482990394952,0.0,1822
HTML5系列之：canvas基础视频教程,妙味课堂杜鹏,0.0,13569
C#面向对象基础,杨中科,0.0,15636
赶时髦英语,,0.0,13223
VideoScribe手绘视频不需手绘！,NA梦想家,0.0,5314
高等数学（下）基础课程,章飞,0.0,5484
【IT大牛谈】揭开高级语言学习迷雾,侯捷 等,0.0,25252
Axure高保真原型：APP设计制作（已官方认证）,小草老师,699.0,157
工作制度思维导图全攻略-提升管理效率,青山焱,78.0,950
汽车维修知识解析,萨老师,0.0,4920
石膏像素描写生逐个画,花还在,398.0,174
UG_NX基础教程（第一篇）,CAX研究中心,0.0,5586
Word 2007标准教程,,0.0,25305
【销售实战课程】销售不狠 业绩不稳,离岸者,98.0,491
Excel PowerMap地图可视化实战,小蚊子数据分析,19.0,599
VBA数据分析处理实战自动化,,100.0,174
经典儿童故事,贝瓦,0.0,12273
国际职业培训师认证考试辅导全集,练荣斌 等,428.0,203
淘宝新手开店月入万元网店运营技巧,鹰图讲师芊莫,0.0,6385
淘宝网店运营技巧淘宝开店营销课程,鹰图讲师芊莫,0.0,11276
Unity2D制作超级马里奥,天才欣宝 等,2.0,425
3D次世代游戏机械制作教程,张斌安 等,0.0,5621
释延王少林立势八段锦,,0.0,12272
【简快阅读29】提早6小时下班的高效工作术,雷子|复制卓越,0.0,60052
Spring 2.5视频教程,黎活明,0.0,9146
全国计算机二级MS office,,0.0,5055
10小时快速入门HTML5+CSS3,陈豪,0.0,7797
OpenGLES萌谷手册（iOS版）,萌谷王,198.0,125
APP BANG（iPad App之最）,现代教育技术,98.0,276
K线图入门知识,,0.0,4804
数学不讲理,欧阳越,0.0,6245
十八掌教育Hadoop企业实战开发教程,十八掌教育,0.0,8061
方法对了，你就瘦了,,0.0,20308
高一上学期数学重点知识点复习,丁益祥,0.0,12729
高考素描教程-中央美院,卢毅,68.0,155
强化学习(Python),Morvan,0.0,4158
APP开发从0到1,Broad,0.0,15067
 匀变速直线运动题型分类讲解,蔡斌华,0.0,5531
大鹏教你玩数据 2017,城市数据团大鹏,0.0,6729
双脑并用记单词,李更春,0.0,13751
客厅燃脂女王,,0.0,8243
新标日初级上精讲班,妙儿老师,368.0,159
小乐陪你过六级,,0.0,6871
贝太新煮艺：办公室午餐便当,任芸丽,0.0,17745
从零玩转Python大数据+人工智能-2,王顺子,0.0,995
简单学演讲,李辉 等,99.0,197
15天快速瘦身计划视频教程 科学健康减肥 美体,天下网校,98.0,3369
oeasy教你玩转视频制作,oeasy,0.0,22047
从零学编程,极客编程,294.0,98
22招教你轻松写出爆款文,霍老爷,99.0,353
Python A~B~C~,PythonABC,0.0,2746
初中数学入门,杨明泰,0.0,18647
TED演讲集：心理,,0.0,3438
后盾最新WEB前端开发入门到精通,孙琪峥,0.0,2063
Android开发 Android进阶强化 Android精讲,高明鑫,0.0,10849
搞定团队，你就是老大,王卫东,99.0,237
从零玩转Vue2.x与大项目实战,叶建华老师,0.0,997
注册会计师（CPA）考试-审计（全）,,0.0,9428
Ajax+JQuery（JavaEE开发进阶Ⅱ）,程刚老师,29.9,849
驾考必过的16个技巧,离岸者,78.0,449
Linux视频教程,韩顺平,0.0,17111
Git实用教程,小甲鱼,0.0,8754
Swift入门与精通,周清,0.0,20751
国学大师倪可《神奇的八字命理》,国学大师倪可,128.0,279
跟溜溜梅老师学三年级下册作文,作文导师团,199.0,233
Word2016版零基础全面课程,刘老师教室,20.0,245
Unity 3D制作《荒野行动》FPS手游,InsideRIA,1680.0,164
淘宝摄影这点事儿,小九老师,0.0,6483
九型人格,,0.0,19971
统计学分析与数据分析实战,舒晓琼,110.0,258
Rapidminer数据分析挖掘算法应用,,129.0,161
实战招聘面试技巧第二季,彭荣模HR视野,88.0,128
周国平哲学私房课,,180.0,122
《Web安全工程师》微专业前置课,WYtech,0.0,10102
小儿推拿常用穴位及手法,,0.0,19456
法律公开课,陆剑平,0.0,2459
“时”不我待——英语八大时态完全解读,云上课程开发组,0.0,15200
用 numpy 和 pandas 把玩你的数据,Morvan,0.0,4623
Unity制作《炉石传说》卡牌游戏,天才欣宝 等,299.0,206
MySQL最佳入门之MySQL基础操作,,29.9,667
 2014考研英语5500词汇精讲,刘一男,0.0,22132
0基础成为C++开发工程师+项目实战,,39.0,169
2015年河北省高校计算机一级模拟考试系统解析,撒拉老师,0.0,7308
【情景剧】我要去开会了,,50.0,1926
专业分析肖邦音乐作品,橙客,0.0,10528
多学多用：教你几招，玩转单反,多学多用：费勇,0.0,75542
网易《测试工程师》微专业前置课,钱蓓蕾,0.0,6130
考研数学高等数学：函数,,0.0,10035
达芬奇DaVinci 12.5数字剪辑调色师,设计传说,20.0,370
Objective-C  全套课程精讲,朱磊,0.0,6490
Scikit-learn(sklearn)用python轻松机器学习,Morvan,10.0,389
玩易吉他弹唱教程第四季,陈一飞,0.0,6721
公务员考试：数学运算,李委明,0.0,10704
AE人物行走动画制作教程,鲤鱼carp,0.0,15103
老k英语，之1/6课. 音标 . 口语 .,laokyingyu,0.0,9643
股票基础知识系列课程,申峰,0.0,28277
从零开始学运营,郑文博,0.0,36910
PowerPoint 2013 — PPT进阶篇,陈琪,19.8,4507
MySQL数据分析实战,小蚊子数据分析 等,79.0,651
情商领导智慧,张顾严,0.0,24200
轻松读书02期：读《22条商规》,,0.0,13517
王牌设计师：现代家居,周建志 等,0.0,22904
高中化学选修五同步全程微课,文之星教育,30.0,229
自然疗愈 科学减肥整体方案,张蕙兰 等,0.0,7376
会计从业资格考试—【财经法规】,,0.0,8678
【简快阅读13】《书都不会读，你还想成功》,雷子|复制卓越,0.0,15252
解读24种电影转场技巧,林杉03,8.0,569
Android底层嵌入式由浅入深高级研修课,Sundy,199.0,434
Rick老师带你三分钟玩转美式发音,,0.0,11836
冬季养生美食,,0.0,14145
台球教程：基本篇,,0.0,33537
FinalCut Pro X 10.3 全面技能培训,设计传说,20.0,402
ArcGIS10.1入门实战视频教程,GIS思维,120.0,207
慧眼识才-面试招聘经典六问,彭荣模,0.0,20927
手把手教你学魔术（2017）,魔术师寒风,0.0,4836
软文营销写作技巧与推广策略,林杉03,89.0,387
SolidWorks PDM基础培训视频,SolidWorks官方推荐课程,9.99,415
Servlet Java  Web 编程 视频教程,郭宏志,0.0,12246
Unity2D 制作《俄罗斯方块》游戏,InsideRIA,9.9,1157
暑期实习通关攻略:简历网申笔试面试全攻破,实习问,0.0,9349
色彩基础+手绘实践轻松学,花还在,8.5,571
孙掌柜后期系列－快速掌握Lightroom,孙掌柜,0.0,7344
《人声处理教程》手把手教你做出好声音,艾唐,0.0,9260
Mac 版 Keynote 教程 蓝色等级（视频）,Sky黑白,49.0,292
会计职称《初级会计实务》精选基础课程,,0.0,9969
Java零基础视频精讲,凯哥,0.0,6795
案例实战信用卡欺诈检测（第三课）,唐宇迪,39.0,351
求职面试 | 500强HR带你完美面试,实力派,368.0,157
开心老头带你玩设计/综合性平面设计,开心老头,0.0,7609
琅泽老高课堂_CAD常用工具简易教程,高帆,0.0,15174
社交潜规则-如何建立人脉,Michael Wang,0.0,19829
新老师看过来——如何成为高效能教师！,李翔老师,0.0,6880
【简快阅读-2】如何秒杀一本书！,雷子|复制卓越,0.0,17567
Excel 2003 高级使用技巧,,0.0,9140
实用日常英语口语合集（中教）,,0.0,12741
边学边玩Altium Designer,四人行工作室,198.0,194
求己不求医--远离亚健康,李智,0.0,8681
Excel精美信息图实战,小蚊子数据分析,129.0,154
利用“弱关系”拓展职场人脉（锦囊课）,,9.9,664
2015国考面试精品课程【常见题型】,中公名师,1.0,21150
人际沟通  11次课化身人际沟通大师,鹿俊,99.0,7936
全国计算机等级考试二级MS OFFICE文字处理,朱德军,0.0,11016
英美外教生活英语口语合集,,0.0,10330
oeasy教你玩转电路-基础电路,oeasy 等,0.0,33338
蓝铅笔 AI创意艺术字体设计教程,青岛小鱼,9.9,764
设计师必学马克笔～基础,安思手绘,0.0,13894
高中数学必修五《数列》同步练习讲解,唐唐老师,0.0,4816
微信营销与公众号自媒体创业完全攻略,小淘老师,9.8,479
女性恋商提升课程,,0.0,7520
3ds max 参考CAD图纸建室外小别墅。,小亮老师,0.0,7175
英语思维养成,Sam大叔,0.0,3693
微信小程序实战开发,传智播客博学谷•汪老师,0.0,8511
《发展心理学》心理咨询师二级,唐迎婵,0.0,9696
学交互or产品？交互设计入门第一课,云课堂直播号,5.0,1922
金蝶KIS专业版财务应用基础课程,程卫博,0.0,6349
Excel 期刊级 商务图表制作,逛逛,0.0,16324
投资理财系列课程,赵正宝,0.0,11215
插花与花艺设计,周丽霞,0.0,12458
【简快阅读32】高效能管理知识的秘诀,雷子|复制卓越,0.0,9935
3ds Max“复杂模型建模”系列教程,小亮老师,0.0,8632
solidworks经典入门 三十例,设计教练,0.0,4121
女性魅力课程形象素质篇—穿出好体型,张乐华,0.0,13971
Java基础入门视频,胡昶晹,99.0,150
用友信息化软件操作教程,,0.0,2457
一级建造师建设工程法规相关知识,,0.0,4682
初三语文：写作极速提高,林彦双,0.0,10098
贝太厨房技巧,,0.0,21523
MATLAB图像处理,CODE学院,30.0,264
FitTime 进阶体能训练系列,,50.0,2049
产品经理（生存必备的知识与技能）,小草老师,2999.0,110
网络基础视频,LDJ027,0.0,20193
幸福空间：现代家居风格设计,周建志 等,0.0,17923
从零开始学漫画,陈凯利,0.0,3412
EXCEL透视表/图表/函数综合技巧,肖帮主 等,69.0,300
项目管理系列之一 项目管理简介和启动,专注实现,0.0,8891
支持向量机算法（第六课）,唐宇迪,39.0,342
初三化学微课（全一册）,化学-小乔老师,0.0,9831
初中物理入门,王可镂,0.0,18155
Sikana美术课堂：水彩上色,,0.0,13616
直冲过关：万能大招破解论说文,田然是老师,199.0,241
【简快阅读30】《学习之道》美国的学习第一书,雷子|复制卓越,0.0,28819
六爻八卦入门系列讲座一,天使记易,0.0,5124
Power BI 财务Dashboard管理驾驶舱,PivotModel刘凯 等,238.0,180
计算机(中)—安徽建大专升本,张成叔,100.0,277
【简快阅读20】《NLP复制卓越的艺术》,雷子|复制卓越,0.0,9123
PHP基础：经典示例,张涛,0.0,8742
40分钟！让PPT马上逼格起来,绍涵的演讲型PPT,0.0,4505
Revit Architecture2016常识教程,FunnyJoker,0.0,3155
Javascript之AngularJS (第一讲）,石川,0.0,8289
AutoCAD2016基础入门,活力网-May Cheng,0.0,2401
Sikana羽毛球课堂,,0.0,3456
2017年MBA/MPAcc/MPA/MEM逻辑基础课程,薛睿,0.0,2801
茉雅减肥操18动作分解,,0.0,12746
ISO9001:2015实战解析,王卓,289.0,131
成本控制经典案例分析,汤婧平,29.0,1628
Linux Shell脚本应用,,0.0,18803
2018银行校园招聘考试全程课程,李辉 等,500.0,245
2014考研英语：词汇课程,陈正康,0.0,11161
利用政府工作报告中英双语突破翻译,Scalers,199.0,145
EXCEL在人力资源中的应用（初级）,HR黄小丫EXCEL,0.0,6330
日语入门课：五十音图速记课,王进 等,0.0,10020
ps教程photoshop入门到精通,,60.0,456
走进Vue.js - v1.0,Wos,32.0,354
HTML5功能讲解+实战案例,森林味,0.0,5601
中国书法网校－戴永芳硬笔书法技法,戴永芳,0.0,24331
互联网行业求职课-教你进入BAT,圈里求职,299.0,148
看实例学思维导图提升记忆力/学习力/演讲能力,姑苏明月,0.0,40171
用数据跟老板对话——换个角度学EXCEL(一）,EXCEL实战老师孙晨,99.0,209
SEO精英实战教程,,0.0,19857
浅谈茶文化,,0.0,4871
PPT制作手册,竖锯先生,0.0,6102
DRP实战项目Java视频教程,王勇,0.0,1593
Android高级应用开发Ⅴ_软件工程,Sundy,0.0,5220
小爱的折纸：花的折纸,淘趣工坊,0.0,4366
轻松读书74期：精要主义,波波羊,0.0,8211
台湾花艺大师 讲解花艺美学,凌宗涌,68.0,676
AE教程--影视后期处理教学案例,茶树网学院,0.0,52009
如何制作数据分析师简历,小蚊子数据分析,0.0,5864
【简快阅读12】《亲子关系全面技巧》,雷子|复制卓越,0.0,6295
高效沟通的“三言两语”,龙涛,0.0,27347
EXCEL教程小白脱白系列课程 (办公软件),,0.0,6402
一生的冥想修行,老霜总,60.0,275
分子生物学高级班（实验万事屋）,李莫愁博士 等,399.0,471
.NET/C#面向对象编程全新解析,常慧勇,3.0,966
静物素描结构【凡路教育】创新美术绘画,林萍 等,0.0,8582
微信小程序开发与数据分析,小蚊子数据分析 等,20.0,511
卓越经理人的跨部门沟通技巧,邱明俊,0.0,7699
After Effects CS5.5案例教程,郝兵,0.0,20458
中考英语知识点整理阶段一-英语,YANGYANG英语,0.0,6616
二级 MS Office高级应用精讲,NY刘王斌*^^*,398.0,148
如何记日语单词过目不忘,エリ老师,0.0,41578
跟王佩丰学VBA视频教程,ExcelPPT王佩丰,199.0,147
脱单必修课；发现爱情本质,大师兄网校,98.0,334
Excel办公自动化—VBA（宏）,则秀木生,20.0,297
Struts 2,黎活明,0.0,7475
诺壹乔：轻松搞定PPT图片,懒人诺壹乔,39.99,233
轻松读书31：每天懂一点恋爱心理学,波波羊,0.0,62938
新媒体运营|运营喵干货蓝宝书,实力派,99.0,253
教你巧用心理学，过更有效率的人生,刘轩,99.0,338
《和文牛一起学图文设计》实例课程,文牛,500.0,146
举起爪儿来,,0.0,3560
金蝶KIS账务实操培训系列课程,杨翊菲 等,0.0,10088
IT经典面试题剖析 算法部分watchmen.cn,watchmen,0.0,13546
AE CC 2017 终极合成技术大师篇,设计传说,298.0,130
从零开始学Spring Boot,林祥纤,166.0,103
Excel PowerPivot数据分析实战,小蚊子数据分析,99.0,364
决策树与随机森林（第四课）,唐宇迪,39.0,339
200分钟PCB设计傻瓜教程,老羊快跑ing,0.0,3406
西方音乐赏析（一）莫扎特最后10年,橙客,0.0,11274
100天搞定互联网运营、产品、营销,,99.0,139
赢在性格,杨滨,0.0,6713
认识大客户销售,老寒v夏凯,0.0,12614
时间管理 l 读书时间管理新法则,八运会,10.0,908
拉丁舞恰恰教学,王劭宾,0.0,6160
【简快阅读-1】这样读书，你会更高效！,雷子|复制卓越,0.0,26179
发现《黄帝内经》的生命智慧,高承乾,0.0,15588
小型工业企业全流程财税实务,华艳,0.0,6550
时间管理低效率原因与解决方法,朱勇（静看天下）,0.0,11568
【FPGA教程】《HELLO FPGA》,,0.0,3630
有趣的高中单词记忆法,叶冠军,248.0,214
深度学习入门系列,覃秉丰,0.0,4221
「从零到神」淘宝开店网店运营之路,学海无涯逗做舟,499.0,568
当归中医：初识睡眠养生功,薄化君,0.0,30336
高情商沟通【基础版】,张零,680.0,74
Python零基础：Scrapy爬虫--免费,小布老师,0.0,6172
人生成败密码：解读你的性格DNA(附赠FAP问卷),蒋鸣泉,129.0,281
魔法课堂：服饰类,小P老师,0.0,50186
有效临摹,何莹,0.0,24327
悠客少儿英语,董默涵 等,0.0,8779
Word论文排版精讲,靖元,99.0,270
2013事业单位考试必胜辅导课程,,0.0,6016
Bootstrap前端开发,李强强,0.0,4114
Linux进程与信号（嵌入式进阶Ⅱ）,朱磊,9.9,534
小学生奥数《计算专题》课后习题,,0.0,8067
Dreamweaver软件基础,,0.0,7650
太阳猫早餐,,0.0,4693
深度学习框架与工具,李玉博,0.0,14156
高中数学难点解读·放缩法,蒋叶光,0.0,5145
快学ESP手绘视频,好人教育,0.0,6183
医学R语言快速入门与数据清洗,Dr.Leopard,298.0,98
Unity入门基础通关课程,,0.0,4171
新版现代西班牙语第一册教学视频教程,Leticia,0.0,7984
2017年银行考试网申进阶课,梅高翔 等,100.0,805
求职：实用的求职技巧和经验,波波羊,0.0,23596
主食,迷迭香美食,0.0,4127
Henry Liang Cracking FRM Models - L1,HenryLiangFRM,0.0,5903
Axure实战操作训练营,新媒体运营宝典 等,9.9,611
管理就应该这样做，说话才有人听,离岸者,88.0,508
【名动小课】之PS绘画基础篇,,0.0,3228
PowerPoint2016教程（兼容10/13版）,大学生必备软件技能,1.0,370
(漫画版）职场注意力修炼,姑苏明月,69.0,113
PS数码照片修饰与处理从入门到精通,雷波,38.0,285
100%升职加薪的秘诀-达梦青山焱升职加薪秘籍,青山焱,20.0,1641
会计电算化—会计核算软件操作要求,,0.0,7143
SPSS数据分析实战,小蚊子数据分析,99.0,341
【简快阅读34】35个简单实用的思考技巧,雷子|复制卓越,0.0,12287
6步掌握电话营销六卖神剑,田大超,99.0,369
中软卓越Java模拟面试课堂,王晓华,0.0,5449
GEO|TCGA|Oncomine数据挖掘教程,豪斯医生,898.0,157
Spark数据分析实战,小蚊子数据分析 等,129.0,207
话说用户体验,袁小伟,0.0,8047
【飞盒艺术派】水溶彩铅植物画入门,,0.0,13528
奇卡奇卡英语分级剧本（第 1 级）,奇卡奇卡一起演英语,0.0,4927
中国书法网校——孙万民《楷书千字文》课程,孙万民,0.0,19307
用 python 和 tkinter 做简单的窗口视窗,Morvan,0.0,4054
超能陆战队CG动画制作教程（模型贴图篇）,CG彭涛 等,0.0,5487
考研备考数学高等数学：定积分,,0.0,7420
文献阅读入门（实验万事屋）,,19.9,1899
Unity3D教程（四）射击类游戏案例制作基础,Jesse数字艺术,0.0,5893
PhotoShop图片处理之还原清晰照片教程,小聪,0.0,23025
Bootstrap+JSP开发案例,李兴华,0.0,7161
七夕，七国语言说爱你,,0.0,10441
风光摄影提高班：前期拍摄系统课程,闭眼缄默,398.0,141
电商模块化布局实战视频教程,,0.0,5640
尚学堂_史上最易懂的正则表达式,马士兵,0.0,7213
Spark大数据技术,吴章勇,50.0,242
策略性商务谈判中的谋略运用,,0.0,6391
小学语文 一年级上册 同步精讲人教,,0.0,2075
职场头七年——少走弯路避免进坑,萃取技术王兴权,0.0,7791
神经网络模型（第七课）,唐宇迪,39.0,318
Excel图表制作思路方法与案例,龙逸凡,158.0,174
MATLAB数据分析与统计,CODE学院,30.0,206
babystep育儿课堂（0至1岁）,,0.0,7163
Excel数据透视表从入门到精通,尚西,49.0,481
PHP开发经典实例,李强强,0.0,7924
【把妹达人】恋爱神技能,离岸者,48.0,532
英语四级阅读新题型-段落匹配,唐宇,0.0,21995
Premiere CC 影视剪辑全面商业实战,视频讲师老洋,99.0,109
30分钟教你学会平面设计,林杉03,10.0,398
Unity 3D 制作《像素塔防》游戏,InsideRIA,38.0,292
零基础轻松搞定Photoshop,人民攻摄,0.0,9586
青山裕企亲授——拍出不一样的她,青山裕企,150.0,115
2015公务员考试【资料分析】倍数问题,中公名师,0.01,5346
普拉提初级（三）,何洁凝Apple,0.0,10302
英语听力达人训练营,白超老师英语课堂,0.0,13953
Dreamweaver 8 网站开发基础,,0.0,8849
新东方背单词,东哥元年,0.0,2601
初一数学微课（全一册）,数学-天天老师,0.0,10020
Word路——我的路【永久学习附素材,UIUED 等,99.0,408
JS原创视频教程-实例类,,0.0,8714
Hibernate视频教程,,0.0,9446
小白学运营：运营数据分析第一课,云课堂直播号,5.0,2098
嵌入式Linux毕业班（学会，能找到不错工作）,weidongshan,0.0,5844
流行钢琴即兴伴奏入门,,0.0,5295
飓风看盘-每日大盘分析与个股点评,飓风工作室犇犇,0.0,1232
初二数学微课（全一册）,数学-天天老师,0.0,9020
优美表达：标准普通话轻松学,,49.0,353
oeasy教你玩转电路-电磁波,oeasy 等,0.0,9876
Sketch从入门到精通,阿西UED,0.0,9882
0基础掌握常用公文写作,陈茜,69.0,487
Edmodo网络教学快速入门,ZStar 等,0.01,668
【情景剧】赢得时间的30种妙计,,50.0,2634
曾仕强老师教你中国式管理,曾仕强,0.0,5258
Scratch创意图形绘制基础,浙江豆爸,0.0,3370
日语初级口语,エリ老师,0.0,15928
【柠檬切片】七年级上册同步辅导【初中英语】,王雅鑫 等,0.0,7394
【简快阅读16】《知道做到》跨越做不到的鸿沟,雷子|复制卓越,0.0,7081
外语学习那些事儿,司徒双,0.0,9707
如何规避自我认知的盲区（锦囊课）,"李秀娟 (LEE, JEAN S K)",9.9,667
微信公众号排版高级指南,半撇 等,269.0,121
C/C++学习指南系列（数据库篇）,阿发你好,18.0,302
股票投资之--技术是王道,缠中说禅股票学院,0.0,13665
十招 搞定职场EXCEL    基础篇,职场   Ms.华,0.0,7690
CSS+DIV初级基础,黄栗峰,0.0,10210
60分钟学会最热门H5案例,安仔,0.0,7782
从职场小白到职场大咖,,199.0,293
淘宝美工教程宝贝描述设计教程产品详情设计,冰美人设计,0.0,7200
中小学思维导图——学霸实战营,雷子|复制卓越,800.0,110
直播：提高面试成功率80%的黑技巧,芬哥,129.0,243
活动策划与执行攻略（实战总结）,林杉03,120.0,267
高三数学（理）：决胜高考数学,苗金利,0.0,9018
【影视剪辑】Premiere cc高清视频,微纪录片课堂,128.0,246
30分钟提升你的EQ,姑苏明月,0.0,39883
BIM建筑工程实战应用,李宁 等,0.0,3661
数字故事,现代教育技术,198.0,393
高一物理：直线运动（基础篇）,赵一夫,0.0,5431
Dreamweaver网页制作完全自学教程,缪亮,39.0,249
Crash Course--《10分钟经济学》,,0.0,2211
7天学会photoshop,方老师ps教程,29.0,517
JavaSE视频教程,郭宏志,0.0,4390
猪肉,迷迭香美食,0.0,3091
英语口语革命配套课程,Michael,499.0,171
音频帮音乐公开课,李金城,0.0,7402
用AE制作功夫熊猫二维火焰效果,,0.0,10759
30天成为NLP情绪处理高手,姑苏明月,199.0,205
通过简单训练达到80%地道英语发音,芬哥,39.0,277
“蒙太奇”剪辑手法与精髓,林杉03,10.0,449
《道德经》实用养生,熊春锦,0.0,8286
iOS开发从入门到精通Xcode9&Swift4,酷课堂,99.0,385
After Effects 必备调色技巧与 Color Finesee,设计传说,0.0,5681
职场必杀技，25天练就好口才！,王风范,398.0,278
游戏设计3部曲bodypaint 3d贴图,顾领中 等,99.0,232
求职面试 | 四步100%获心仪OFFER,俞燕 等,199.0,177
【免费版】托福独立写作—让你的作文冲上20！,云上课程开发组,0.0,5486
Kafka视频教程:核心原理与实战,红磊,39.0,391
创业者必须要掌握的核心创业技能,离岸者,98.0,308
如何写商业计划书,汤婧平,69.0,281
中小学教师资格证考试综合素质考点串讲班,,99999.99,736
自考本科英语二,吕素娟,150.0,168
Excel2013  如何有效学习Excel专题,秦川70,0.0,13186
百科青年之简里里：抑郁症,简里里,0.0,12637
穿越单词记忆词典（升级版）,傅建斌,888.0,59
创意撰写与设置技巧,卢永国,0.0,6735
多学多用：宝贝吃什么,,0.0,8209
迈向深度学习卷积神经网络-第九课,唐宇迪,39.0,322
ASP.NET网站工程师-全栈开发课程,常慧勇,1800.0,44
高中生物必修二全程微课,文之星教育,30.0,132
【全套】PS基础入门教程+Photoshop实战精品,林兆胜,0.0,4260
TED演讲集：TED舞台上最动人心魄的表演,,0.0,5771
用数据跟老板对话——换个角度学EXCEL(二）,EXCEL实战老师孙晨,199.0,163
《高中数学必修1人教A版问题导学案》配套课程,,0.0,15021
财务自由的第一步：个人财商整体观,唐建华,0.0,4972
Oracle数据库(享精品公开课),程刚老师,0.0,4194
Excel自动化报表数据分析实战,,25.0,258
【大学英语四级】备考精讲,,0.0,22814
袁腾飞：高考历史30天冲刺串讲,袁腾飞,0.0,9889
公务员考试：判断推理 ,邓淳,0.0,12528
20天外教美语发音突破,,29.9,207
百日素描 0基础课—肖像篇,百日素描,298.0,169
解锁编程学习新姿势,翁恺,0.0,8030
录课指南（ScreenFlow for Mac版）,顾领中 等,99.0,286
简单“艾”--美女中医私家艾灸术,吕新会,0.0,7122
Web开发入门,高洛峰　,0.0,7952
微积分在线辅导,,25.0,186
音乐理论基础,一路上有泥,0.0,1971
2018年教师资格证考试之教育学,小七老师,19.99,210
艺术设计与产品造型,,35.0,226
CodeMonkey编码猴儿童编程,编码猴爸Harry 等,599.0,117
结构化SCI论文写作,刘知溪,99.0,278
破解快速记忆之秘（方法版）,钱雷老师,99.0,234
一小时让你当众演讲,大卫祁,0.0,14022
Excel数据透视表分析入群答疑,Excel报表顾问,70.0,556
当透视表遇见SQL真的很简单,肖帮主 等,9.0,465
Word基本技能—办公自动化,张成叔,0.0,3421
